hex,flight,reg,type_code,report_type,version,verdict,nac_p,nac_v,nic,sda,sil,failed_paragraphs,emergency,continuity,track_end,altitude,category,altitude_band,unstable,polls_seen,rule_airspace,year_mfr,build_cert
AC-9245CE,,,A359,adsb_icao,2,pass,10,2,8,2,3,,,,,,A5,"10,000 ft to FL180",,48,91.225(d)(1),,
AC-D9084D,,,B788,adsb_icao,2,pass,9,1,8,2,3,,,"dropout: position went at least 53 s without a refresh, then reacquired (threshold 20 s); dropout: absent from 2 snapshot(s), 45 s between sightings; dropout: absent from 1 snapshot(s), 30 s between sightings",,,A5,Surface,sil alternated between 2 and 3 (4 changes),31,91.225(d)(1),,
AC-F3A7C0,,,B39M,adsb_icao,2,pass,10,2,8,2,3,,,,,,A3,FL180 and above,,106,91.225(d)(4),,
AC-D167E1,,,B38M,adsb_icao,2,pass,10,2,8,2,3,,,,,,A3,FL180 and above,,81,91.225(d)(4),,
AC-B5B695,,,B38M,adsb_icao,2,pass,10,2,8,2,3,,,,,,A3,FL180 and above,,20,91.225(d)(4),,
AC-2EA07E,,,GLF5,adsb_icao,2,pass,10,2,8,2,3,,,,,,A3,FL180 and above,,121,91.225(d)(1),,
AC-5ECC8C,,,A20N,adsb_icao,2,pass,9,1,8,3,3,,,,,,A3,FL180 and above,,121,91.225(d)(4),,
AC-3C911C,,,B77W,adsb_icao,2,pass,9,1,8,2,3,,,"dropout: position went at least 49 s without a refresh, then reacquired (threshold 20 s); dropout: absent from 3 snapshot(s), 60 s between sightings",,,A5,"Below 10,000 ft",,85,91.225(d)(1),,
AC-ED7583,,,A21N,adsb_icao,2,pass,10,4,8,2,3,,,"dropout: position went at least 59 s without a refresh, then reacquired (threshold 20 s); dropout: absent from 2 snapshot(s), 45 s between sightings; dropout: absent from 2 snapshot(s), 45 s between sightings; dropout: absent from 1 snapshot(s), 30 s between sightings",,,A3,"Below 10,000 ft",sil alternated between 2 and 3 (4 changes),145,91.225(d)(2),,
AC-6C4178,,,CL60,adsb_icao,2,pass,10,1,8,2,3,,,"dropout: absent from 73 snapshot(s), 1111 s between sightings",last position 58 s old when last seen; not reacquired in the window,,A2,"Below 10,000 ft",,98,91.225(d)(2),,
AC-5F759F,,,A346,adsb_icao,2,pass,9,1,8,2,3,,,,,,A5,"Below 10,000 ft",,123,91.225(d)(2),,
AC-C5C883,,,B772,adsb_icao,2,pass,10,2,8,2,3,,,"dropout: position went at least 53 s without a refresh, then reacquired (threshold 20 s); dropout: absent from 2 snapshot(s), 45 s between sightings",,,A5,"Below 10,000 ft",,84,91.225(d)(2),,
AC-A63007,,,B772,adsb_icao,2,pass,10,2,8,2,3,,,,last position 57 s old when last seen; not reacquired in the window,,A5,"Below 10,000 ft",,87,91.225(d)(1),,
AC-AD1A6E,,,B772,adsb_icao,2,pass,10,2,8,2,3,,,,,,A5,FL180 and above,,103,91.225(d)(4),,
AC-A9FEA2,,,B788,adsb_icao,2,pass,9,1,8,2,3,,,,,,A5,FL180 and above,,75,91.225(d)(4),,
AC-818476,,,B789,adsb_icao,2,pass,9,2,8,2,3,,,,,,A5,FL180 and above,,79,91.225(d)(4),,
AC-52CE03,,,A35K,adsb_icao,2,pass,10,2,8,2,3,,,,,,A5,"Below 10,000 ft",,35,91.225(d)(3),,
AC-8AE1FF,,,A35K,adsb_icao,2,pass,10,2,8,2,3,,,,,,A5,FL180 and above,,100,91.225(d)(4),,
AC-DE3B02,,,E170,adsb_icao,2,pass,10,2,8,2,3,,,,,,A3,FL180 and above,,33,91.225(d)(4),,
AC-9A73B5,,,GL7T,adsb_icao,2,pass,10,1,8,2,3,,,"dropout: position went at least 37 s without a refresh, then reacquired (threshold 20 s)",,,A3,Surface,,240,91.225(d)(2),,
AC-C232A9,,,B772,adsb_icao,2,pass,10,2,8,2,3,,,,,,A5,"Below 10,000 ft",,31,91.225(d)(2),,
AC-58D620,,,B789,adsb_icao,2,pass,9,2,8,2,3,,,,,,A5,FL180 and above,,65,91.225(d)(4),,
AC-094A9E,,,B744,adsb_icao,2,pass,10,2,8,2,3,,,"dropout: position went at least 57 s without a refresh, then reacquired (threshold 20 s); dropout: absent from 1 snapshot(s), 30 s between sightings",,,A5,Surface,sil alternated between 2 and 3 (2 changes),35,91.225(d)(1),,
AC-E94A99,,,A333,adsb_icao,2,pass,9,1,8,2,3,,,"dropout: absent from 1 snapshot(s), 30 s between sightings",last position 53 s old when last seen; not reacquired in the window,,A5,Surface,,50,91.225(d)(1),,
AC-5F2CBB,,,A333,adsb_icao,2,pass,9,1,8,2,3,,,,,,A5,FL180 and above,,68,91.225(d)(4),,
AC-372699,,,A333,adsb_icao,2,pass,9,1,8,2,3,,,"dropout: absent from 1 snapshot(s), 31 s between sightings; dropout: absent from 10 snapshot(s), 165 s between sightings",last position 58 s old when last seen; not reacquired in the window,,A5,"Below 10,000 ft",,81,91.225(d)(2),,
AC-29D938,,,B789,adsb_icao,2,pass,9,2,8,2,3,,,"dropout: position went at least 51 s without a refresh, then reacquired (threshold 20 s); dropout: absent from 17 snapshot(s), 270 s between sightings",,,A5,Surface,,30,91.225(d)(1),,
AC-77A9F1,,,A21N,adsb_icao,2,pass,9,1,8,3,3,,,,,,A3,FL180 and above,,48,91.225(d)(4),,
AC-B5ED55,,,A332,adsb_icao,2,pass,9,1,8,2,3,,,,last position 51 s old when last seen; not reacquired in the window,,A5,Surface,,18,91.225(d)(1),,
AC-1A01F6,,,A333,adsb_icao,2,pass,9,1,8,2,3,,,,,,A5,"Below 10,000 ft",,116,91.225(d)(2),,
AC-BC15C0,,,B77W,adsb_icao,2,pass,9,1,8,2,3,,,"dropout: position went at least 56 s without a refresh, then reacquired (threshold 20 s); dropout: absent from 1 snapshot(s), 30 s between sightings; dropout: absent from 2 snapshot(s), 44 s between sightings",,,A5,Surface,sil alternated between 2 and 3 (1 change),65,91.225(d)(1),,
AC-487905,,,B789,adsb_icao,2,pass,9,2,8,2,3,,,,,,A5,FL180 and above,,28,91.225(d)(4),,
AC-EE1B96,,,A333,adsb_icao,2,pass,10,2,8,2,3,,,"dropout: position went at least 54 s without a refresh, then reacquired (threshold 20 s); dropout: absent from 11 snapshot(s), 180 s between sightings",,,A5,"Below 10,000 ft",nac_p alternated between 0 and 10 (2 changes); sil alternated between 2 and 3 (4 changes),129,91.225(d)(2),,
AC-27A080,,,A339,adsb_icao,2,pass,10,2,8,2,3,,,"dropout: position went at least 48 s without a refresh, then reacquired (threshold 20 s); dropout: absent from 3 snapshot(s), 60 s between sightings",,,A5,"Below 10,000 ft",,153,91.225(d)(2),,
AC-096263,,,GLEX,adsb_icao,2,pass,11,1,8,2,3,,,"dropout: position went at least 55 s without a refresh, then reacquired (threshold 20 s); dropout: absent from 4 snapshot(s), 76 s between sightings; dropout: absent from 89 snapshot(s), 1350 s between sightings; dropout: absent from 1 snapshot(s), 30 s between sightings; dropout: absent from 1 snapshot(s), 30 s between sightings; dropout: absent from 16 snapshot(s), 255 s between sightings; dropout: absent from 2 snapshot(s), 44 s between sightings",,,A3,"Below 10,000 ft",sil alternated between 2 and 3 (2 changes),95,91.225(d)(2),,
AC-64F925,,,B788,adsb_icao,2,pass,9,1,8,2,3,,,,,,A5,"Below 10,000 ft",sil alternated between 2 and 3 (1 change),61,91.225(d)(1),,
AC-CE598F,,,B748,adsb_icao,2,pass,10,2,8,2,3,,,"dropout: position went at least 59 s without a refresh, then reacquired (threshold 20 s); dropout: absent from 6 snapshot(s), 106 s between sightings; dropout: absent from 1 snapshot(s), 30 s between sightings; dropout: absent from 17 snapshot(s), 270 s between sightings",,,A5,FL180 and above,sil alternated between 2 and 3 (3 changes),172,91.225(d)(4),,
AC-D20B08,,,A388,adsb_icao,2,pass,10,1,8,2,3,,,"dropout: position went at least 60 s without a refresh, then reacquired (threshold 20 s); dropout: absent from 37 snapshot(s), 570 s between sightings; dropout: absent from 3 snapshot(s), 60 s between sightings; dropout: absent from 7 snapshot(s), 120 s between sightings",,,A5,Surface,sil alternated between 2 and 3 (2 changes),99,91.225(d)(1),,
AC-3D4082,,,B788,adsb_icao,2,pass,9,2,8,2,3,,,"dropout: position went at least 53 s without a refresh, then reacquired (threshold 20 s); dropout: absent from 2 snapshot(s), 45 s between sightings",,,A5,"10,000 ft to FL180",,54,91.225(d)(1),,
AC-0083E3,,,B77W,adsb_icao,2,pass,9,1,8,2,3,,,,last position 57 s old when last seen; not reacquired in the window,,A5,"Below 10,000 ft",,92,91.225(d)(1),,
AC-825583,,,A35K,adsb_icao,2,pass,10,2,8,2,3,,,"dropout: absent from 1 snapshot(s), 30 s between sightings",last position 58 s old when last seen; not reacquired in the window,,A5,Surface,sil alternated between 2 and 3 (2 changes),84,91.225(d)(1),,
AC-31B73A,,,B77W,adsb_icao,2,pass,10,2,8,2,3,,,"dropout: position went at least 58 s without a refresh, then reacquired (threshold 20 s); dropout: absent from 1 snapshot(s), 30 s between sightings; dropout: absent from 4 snapshot(s), 75 s between sightings; dropout: absent from 2 snapshot(s), 44 s between sightings; dropout: absent from 1 snapshot(s), 30 s between sightings",,,A5,Surface,sil alternated between 2 and 3 (4 changes),110,91.225(d)(1),,
AC-F7E02B,,,A320,adsb_icao,2,pass,10,2,8,2,3,,,"dropout: position went at least 59 s without a refresh, then reacquired (threshold 20 s); dropout: absent from 1 snapshot(s), 30 s between sightings",,,A3,FL180 and above,sil alternated between 2 and 3 (1 change),140,91.225(d)(4),1998,Type certificated
AC-D033B5,,,E75L,adsb_icao,2,pass,10,2,8,2,3,,,,,,A3,FL180 and above,,93,91.225(d)(4),2007,Type certificated
AC-F482BE,,,A321,adsb_icao,2,pass,9,1,8,2,3,,,,,,A3,FL180 and above,,22,91.225(d)(4),2013,Type certificated
AC-DA5689,,,A321,adsb_icao,2,pass,10,1,8,2,3,,,,,,A3,FL180 and above,,8,91.225(d)(4),2020,Type certificated
AC-A755FF,,,C172,adsb_icao,2,pass,10,2,9,2,3,,,"dropout: position went at least 44 s without a refresh, then reacquired (threshold 20 s)",,,A1,"Below 10,000 ft",,89,no,2023,Type certificated
AC-BCB1C6,,,F900,adsb_icao,2,pass,10,2,8,2,3,,,,,,A2,"10,000 ft to FL180",,90,91.225(d)(1),1990,Type certificated
AC-BBBCAD,,,BCS1,adsb_icao,2,pass,10,1,8,2,3,,,"dropout: position went at least 57 s without a refresh, then reacquired (threshold 20 s); dropout: absent from 9 snapshot(s), 150 s between sightings; dropout: absent from 78 snapshot(s), 1186 s between sightings",,,A3,FL180 and above,sil alternated between 2 and 3 (2 changes),150,91.225(d)(4),2019,Type certificated
AC-D0B4A5,,,A321,adsb_icao,2,pass,10,2,8,2,3,,,,last position 54 s old when last seen; not reacquired in the window,,A3,Surface,,21,91.225(d)(1),2021,Type certificated
AC-DAB75B,,,,adsb_icao,2,pass,10,1,8,2,3,,,"dropout: position went at least 60 s without a refresh, then reacquired (threshold 20 s); dropout: absent from 3 snapshot(s), 60 s between sightings; dropout: absent from 1 snapshot(s), 31 s between sightings; dropout: absent from 15 snapshot(s), 240 s between sightings; dropout: absent from 1 snapshot(s), 29 s between sightings",,,A3,"Below 10,000 ft",sil alternated between 2 and 3 (2 changes),220,91.225(d)(2),,
AC-7CD8CD,,,E75L,adsb_icao,2,pass,10,2,8,2,3,,,,last position 46 s old when last seen; not reacquired in the window,,A3,"10,000 ft to FL180",,137,91.225(d)(4),2007,Type certificated
AC-7CAE20,,,A321,adsb_icao,2,pass,10,2,8,2,3,,,,,,A3,FL180 and above,,102,91.225(d)(4),2021,Type certificated
AC-7FC2C0,,,GLEX,adsb_icao,2,pass,10,2,8,2,3,,,,last position 50 s old when last seen; not reacquired in the window,,A3,"Below 10,000 ft",,22,91.225(d)(2),2007,Type certificated
AC-053414,,,E75L,adsb_icao,2,pass,10,2,8,2,3,,,"dropout: position went at least 55 s without a refresh, then reacquired (threshold 20 s); dropout: absent from 1 snapshot(s), 30 s between sightings; dropout: absent from 1 snapshot(s), 31 s between sightings",,,A3,Surface,sil alternated between 2 and 3 (1 change),19,91.225(d)(1),2007,Type certificated
AC-F14FD8,,,A139,adsb_icao,2,pass,10,2,8,2,3,,,,last position 57 s old when last seen; not reacquired in the window,,A7,"Below 10,000 ft",,56,91.225(d)(2),2012,Type certificated
AC-B1FED2,,,BE36,adsb_icao,2,pass,10,2,10,2,3,,,,,,A1,"Below 10,000 ft",,17,no,1978,Type certificated
AC-137B7C,,,C340,adsb_icao,2,pass,10,2,9,2,3,,,,,,A1,"Below 10,000 ft",sil alternated between 2 and 3 (1 change),28,91.225(d)(2),1977,Type certificated
AC-ACDE4A,,,B78X,adsb_icao,2,pass,9,2,8,2,3,,,"dropout: absent from 29 snapshot(s), 450 s between sightings",last position 52 s old when last seen; not reacquired in the window,,A5,"Below 10,000 ft",,109,91.225(d)(2),2022,Not type certificated (experimental)
AC-4DC58B,,,A321,adsb_icao,2,pass,10,2,8,2,3,,,,last position 49 s old when last seen; not reacquired in the window,,A3,"Below 10,000 ft",,50,91.225(d)(1),2021,Type certificated
AC-6FED6A,,,E75L,adsb_icao,2,pass,10,2,8,2,3,,,,last position 49 s old when last seen; not reacquired in the window,,A3,FL180 and above,,142,91.225(d)(4),2007,Type certificated
AC-2E16F4,,,E75L,adsb_icao,2,pass,10,2,8,2,3,,,,last position 56 s old when last seen; not reacquired in the window,,A3,"10,000 ft to FL180",,151,91.225(d)(4),2007,Type certificated
AC-5248B0,,,PC12,adsb_icao,2,pass,10,2,8,2,3,,,"dropout: position went at least 59 s without a refresh, then reacquired (threshold 20 s); dropout: absent from 2 snapshot(s), 45 s between sightings",,,A1,"10,000 ft to FL180",sil alternated between 2 and 3 (2 changes),106,91.225(d)(4),2023,Type certificated
AC-25373D,,,E75L,adsb_icao,2,pass,10,2,8,2,3,,,,last position 28 s old when last seen; not reacquired in the window,,A3,FL180 and above,,153,91.225(d)(4),2007,Type certificated
AC-A81AD9,,,C650,adsb_icao,2,pass,10,2,9,2,3,,,,last position 56 s old when last seen; not reacquired in the window,,A2,"10,000 ft to FL180",,109,91.225(d)(4),1993,Type certificated
AC-D58E89,,,A321,adsb_icao,2,pass,10,2,8,2,3,,,,last position 45 s old when last seen; not reacquired in the window,,A3,FL180 and above,,169,91.225(d)(4),2021,Type certificated
AC-E2C661,,,S76,adsb_icao,2,pass,10,1,8,2,3,,,"dropout: position went at least 57 s without a refresh, then reacquired (threshold 20 s); dropout: absent from 15 snapshot(s), 240 s between sightings",,,A7,"Below 10,000 ft",sil alternated between 2 and 3 (2 changes),159,91.225(d)(2),2007,Type certificated
AC-4BD71D,,,PC12,adsb_icao,2,pass,10,2,8,2,3,,,,,,A1,"10,000 ft to FL180",,79,91.225(d)(4),2021,Type certificated
AC-FAFDBE,,,E45X,adsb_icao,2,pass,10,4,8,2,3,,,,,,A2,"Below 10,000 ft",,6,91.225(d)(1),2004,Type certificated
AC-474B26,,,CRJ9,adsb_icao,2,pass,10,1,8,2,3,,,,,,A3,FL180 and above,,109,91.225(d)(4),2009,Type certificated
AC-A2446E,,,E75L,adsb_icao,2,pass,10,2,8,2,3,,,,,,A3,FL180 and above,,129,91.225(d)(4),2008,Type certificated
AC-6648B9,,,C172,adsb_icao,2,pass,10,2,9,2,3,,,,,,A1,"Below 10,000 ft",,52,no,1973,Type certificated
AC-C6A241,,,E75L,adsb_icao,2,pass,10,2,8,2,3,,,,last position 57 s old when last seen; not reacquired in the window,,A3,"Below 10,000 ft",,98,91.225(d)(2),2008,Type certificated
AC-EC7182,,,EC35,adsb_icao,2,pass,10,2,9,2,3,,,,last position 55 s old when last seen; not reacquired in the window,,A7,"Below 10,000 ft",,44,91.225(d)(2),2004,Type certificated
AC-2C51E1,,,CRJ9,adsb_icao,2,pass,10,1,8,2,3,,,"dropout: position went at least 58 s without a refresh, then reacquired (threshold 20 s); dropout: absent from 7 snapshot(s), 120 s between sightings",,,A3,"10,000 ft to FL180",,45,91.225(d)(1),2009,Type certificated
AC-05F1BD,,,E75L,adsb_icao,2,pass,10,2,8,2,3,,,,,,A3,"Below 10,000 ft",,2,91.225(d)(1),2008,Type certificated
AC-4D37D4,,,A321,adsb_icao,2,pass,9,1,8,2,3,,,,last position 52 s old when last seen; not reacquired in the window,,A3,FL180 and above,,110,91.225(d)(4),2015,Type certificated
AC-9977CE,,,CL60,adsb_icao,2,pass,10,1,8,2,3,,,,,,A2,FL180 and above,,100,91.225(d)(3),2007,Type certificated
AC-8A55C0,,,CRJ9,adsb_icao,2,pass,10,1,8,2,3,,,,last position 60 s old when last seen; not reacquired in the window,,A3,"Below 10,000 ft",,98,91.225(d)(2),2009,Type certificated
AC-8E3EF3,,,SR20,adsr_icao,2,pass,9,2,0,2,3,,,,last position 56 s old when last seen; not reacquired in the window,,A1,Surface,nac_p alternated between 0 and 9 (2 changes); sil alternated between 2 and 3 (2 changes),10,no,2016,Type certificated
AC-C48D1D,,,EC35,adsb_icao,2,pass,10,2,9,2,3,,,"dropout: position went at least 60 s without a refresh, then reacquired (threshold 20 s); dropout: absent from 14 snapshot(s), 225 s between sightings; dropout: absent from 58 snapshot(s), 885 s between sightings",,,A7,"Below 10,000 ft",,69,no,2004,Type certificated
AC-EB24B9,,,A321,adsb_icao,2,pass,9,1,8,2,3,,,,,,A3,FL180 and above,,99,91.225(d)(4),2015,Type certificated
AC-7B3601,,,BE35,adsb_icao,2,pass,10,2,9,2,3,,,,,,A1,"Below 10,000 ft",,32,91.225(d)(2),1969,Type certificated
AC-0B0656,,,EC45,adsb_icao,2,pass,10,2,9,2,3,,,"dropout: absent from 1 snapshot(s), 30 s between sightings; dropout: absent from 49 snapshot(s), 750 s between sightings; dropout: absent from 4 snapshot(s), 77 s between sightings",last position 60 s old when last seen; not reacquired in the window,,A7,"Below 10,000 ft",,125,91.225(d)(2),2004,Type certificated
AC-3C74A5,,,A21N,adsb_icao,2,pass,10,2,8,2,3,,,,,,A3,FL180 and above,,51,91.225(d)(1),2024,Type certificated
AC-4DB16A,,,A21N,adsb_icao,2,pass,10,2,8,2,3,,,"dropout: position went at least 55 s without a refresh, then reacquired (threshold 20 s); dropout: absent from 3 snapshot(s), 60 s between sightings",,,A3,"10,000 ft to FL180",,164,91.225(d)(4),2025,Type certificated
AC-131A97,,,C172,adsb_icao,2,pass,9,2,8,2,3,,,"dropout: position went at least 52 s without a refresh, then reacquired (threshold 20 s); dropout: absent from 232 snapshot(s), 3496 s between sightings",,,A2,"Below 10,000 ft",,8,no,,Type certificated
AC-DA7A36,,,CRJ9,adsb_icao,2,pass,10,1,8,2,3,,,,,,A3,FL180 and above,,59,91.225(d)(4),2007,Type certificated
AC-31C911,,,G150,adsb_icao,2,pass,10,1,8,2,3,,,,,,A2,FL180 and above,,78,91.225(d)(4),2008,Type certificated
AC-26AAFD,,,A321,adsb_icao,2,pass,9,1,8,2,3,,,"dropout: position went at least 54 s without a refresh, then reacquired (threshold 20 s); dropout: absent from 1 snapshot(s), 29 s between sightings",,,A3,FL180 and above,sil alternated between 2 and 3 (1 change),111,91.225(d)(4),2013,Type certificated
AC-19C04A,,,P28A,adsb_icao,2,pass,10,2,9,2,3,,,"dropout: position went at least 54 s without a refresh, then reacquired (threshold 20 s); dropout: absent from 1 snapshot(s), 30 s between sightings; dropout: absent from 166 snapshot(s), 2506 s between sightings; dropout: absent from 1 snapshot(s), 30 s between sightings",,,A1,"Below 10,000 ft",,67,91.225(d)(2),1972,Type certificated
AC-E55343,,,B763,adsb_icao,2,pass,10,2,8,2,3,,,,last position 53 s old when last seen; not reacquired in the window,,A5,"Below 10,000 ft",,40,91.225(d)(1),1999,Type certificated
AC-C69662,,,B763,adsb_icao,2,pass,10,2,8,2,3,,,"dropout: position went at least 29 s without a refresh, then reacquired (threshold 20 s)",,,A5,Surface,sil alternated between 2 and 3 (1 change),65,91.225(d)(1),1999,Type certificated
AC-F27376,,,A321,adsb_icao,2,pass,9,1,8,2,3,,,,last position 55 s old when last seen; not reacquired in the window,,A3,"Below 10,000 ft",,22,91.225(d)(1),2001,Type certificated
AC-668B21,,,A321,adsb_icao,2,pass,9,1,8,2,3,,,,,,A3,"10,000 ft to FL180",,44,91.225(d)(1),2001,Type certificated
AC-0A48A6,,,A321,adsb_icao,2,pass,9,1,8,2,3,,,"dropout: position went at least 50 s without a refresh, then reacquired (threshold 20 s)",,,A3,"Below 10,000 ft",,240,91.225(d)(1),2001,Type certificated
AC-70B8EF,,,B78X,adsb_icao,2,pass,9,1,8,2,3,,,"dropout: position went at least 50 s without a refresh, then reacquired (threshold 20 s); dropout: absent from 2 snapshot(s), 44 s between sightings",,,A5,"Below 10,000 ft",,37,91.225(d)(1),2022,Not type certificated (experimental)
AC-2C44B2,,,B752,adsb_icao,2,pass,9,1,8,2,3,,,"dropout: position went at least 58 s without a refresh, then reacquired (threshold 20 s); dropout: absent from 1 snapshot(s), 30 s between sightings; dropout: absent from 6 snapshot(s), 105 s between sightings",,,A4,FL180 and above,sil alternated between 2 and 3 (3 changes),93,91.225(d)(1),1997,Type certificated
AC-F6087C,,,B763,adsb_icao,2,pass,10,2,8,2,3,,,"dropout: absent from 4 snapshot(s), 74 s between sightings",last position 53 s old when last seen; not reacquired in the window,,A5,"Below 10,000 ft",sil alternated between 2 and 3 (2 changes),94,91.225(d)(1),1998,Type certificated
AC-B81F9B,,,B38M,adsb_icao,2,pass,10,2,8,2,3,,,"dropout: position went at least 54 s without a refresh, then reacquired (threshold 20 s); dropout: absent from 2 snapshot(s), 44 s between sightings",,,A3,"10,000 ft to FL180",sil alternated between 2 and 3 (2 changes),105,91.225(d)(4),,Type certificated
AC-C9A2CE,,,B38M,adsb_icao,2,pass,10,2,8,2,3,,,"dropout: position went at least 60 s without a refresh, then reacquired (threshold 20 s); dropout: absent from 1 snapshot(s), 30 s between sightings; dropout: absent from 2 snapshot(s), 46 s between sightings",,,A3,"10,000 ft to FL180",sil alternated between 2 and 3 (2 changes),133,91.225(d)(4),2023,Type certificated
AC-D177BB,,,B38M,adsb_icao,2,pass,10,2,8,2,3,,,"dropout: position went at least 54 s without a refresh, then reacquired (threshold 20 s); dropout: absent from 8 snapshot(s), 135 s between sightings; dropout: absent from 3 snapshot(s), 60 s between sightings",,,A3,"10,000 ft to FL180",sil alternated between 2 and 3 (1 change),125,91.225(d)(4),2024,Type certificated
AC-F83212,,,B38M,adsb_icao,2,pass,10,2,8,2,3,,,,,,A3,FL180 and above,,179,91.225(d)(4),2024,Type certificated
AC-EA07F6,,,B763,adsb_icao,2,pass,10,2,8,2,3,,,,,,A5,"Below 10,000 ft",,26,91.225(d)(3),1990,Type certificated
AC-95ED40,,,B763,adsb_icao,2,pass,10,2,8,2,3,,,,,,A5,"Below 10,000 ft",,7,91.225(d)(3),1998,Type certificated
AC-ABD8EA,,,B39M,adsb_icao,2,pass,10,2,8,2,3,,,,,,A3,"10,000 ft to FL180",,21,91.225(d)(1),2025,Type certificated
AC-9164C9,,,,adsb_icao,2,pass,10,2,8,2,3,,,,,,A3,FL180 and above,,58,91.225(d)(4),2026,Not type certificated (experimental)
AC-8EEB8A,,,,adsb_icao,2,pass,10,2,8,2,3,,,"dropout: absent from 2 snapshot(s), 45 s between sightings",last position 55 s old when last seen; not reacquired in the window,,A3,"Below 10,000 ft",,70,91.225(d)(1),,Type certificated
AC-45A5D0,,,B763,adsb_icao,2,pass,10,2,8,2,3,,,"dropout: position went at least 53 s without a refresh, then reacquired (threshold 20 s); dropout: absent from 8 snapshot(s), 135 s between sightings; dropout: absent from 3 snapshot(s), 60 s between sightings",,,A5,FL180 and above,sil alternated between 2 and 3 (2 changes),129,91.225(d)(1),1999,Type certificated
AC-0D3160,,,B39M,adsb_icao,2,pass,10,2,8,2,3,,,"dropout: position went at least 60 s without a refresh, then reacquired (threshold 20 s); dropout: absent from 10 snapshot(s), 165 s between sightings; dropout: absent from 3 snapshot(s), 61 s between sightings; dropout: absent from 9 snapshot(s), 150 s between sightings",,,A3,"10,000 ft to FL180",sil alternated between 2 and 3 (2 changes),57,91.225(d)(1),,Not type certificated (experimental)
AC-574748,,,B39M,adsb_icao,2,pass,10,2,8,2,3,,,,,,A3,FL180 and above,,45,91.225(d)(4),,Not type certificated (experimental)
AC-677043,,,S76,adsb_icao,2,pass,10,1,8,2,3,,,"dropout: position went at least 54 s without a refresh, then reacquired (threshold 20 s); dropout: absent from 88 snapshot(s), 1335 s between sightings",,,A7,"Below 10,000 ft",nac_p alternated between 0 and 10 (1 change); nic alternated between 0 and 8 (1 change); sil alternated between 0 and 3 (1 change),147,91.225(d)(2),2007,Type certificated
AC-9E852A,,,CRJ9,adsb_icao,2,pass,10,1,8,2,3,,,,,,A3,"Below 10,000 ft",,73,91.225(d)(1),2008,Type certificated
AC-76866E,,,,adsb_icao,2,pass,10,2,8,2,3,,,"dropout: absent from 5 snapshot(s), 89 s between sightings",last position 58 s old when last seen; not reacquired in the window,,A3,"Below 10,000 ft",sil alternated between 2 and 3 (2 changes),52,91.225(d)(1),2026,Type certificated
AC-C541FA,,,B38M,adsb_icao,2,pass,10,2,8,2,3,,,"dropout: position went at least 52 s without a refresh, then reacquired (threshold 20 s); dropout: absent from 29 snapshot(s), 450 s between sightings",,,A3,"Below 10,000 ft",sil alternated between 2 and 3 (2 changes),11,91.225(d)(1),2022,Type certificated
AC-92C9A5,,,B752,adsb_icao,2,pass,9,1,8,2,3,,,"dropout: position went at least 56 s without a refresh, then reacquired (threshold 20 s); dropout: absent from 12 snapshot(s), 194 s between sightings; dropout: absent from 3 snapshot(s), 60 s between sightings",,,A4,"Below 10,000 ft",sil alternated between 2 and 3 (4 changes),53,91.225(d)(1),1997,Type certificated
AC-CEFB32,,,CRJ9,adsb_icao,2,pass,10,1,8,2,3,,,"dropout: position went at least 52 s without a refresh, then reacquired (threshold 20 s); dropout: absent from 7 snapshot(s), 120 s between sightings; dropout: absent from 1 snapshot(s), 30 s between sightings",,,A3,Surface,sil alternated between 2 and 3 (2 changes),41,91.225(d)(1),2008,Type certificated
AC-5BF622,,,CRJ9,adsb_icao,2,pass,10,1,8,2,3,,,"dropout: position went at least 54 s without a refresh, then reacquired (threshold 20 s); dropout: absent from 9 snapshot(s), 150 s between sightings",,,A3,FL180 and above,,82,91.225(d)(1),2008,Type certificated
AC-2532E9,,,GLEX,adsb_icao,2,pass,10,1,8,2,3,,,,,,A3,FL180 and above,,86,91.225(d)(4),2023,Type certificated
AC-47BBC6,,,B763,adsb_icao,2,pass,10,2,8,2,3,,,,last position 58 s old when last seen; not reacquired in the window,,A5,"Below 10,000 ft",,98,91.225(d)(3),1997,Type certificated
AC-D06001,,,LJ60,adsb_icao,2,pass,10,2,8,2,3,,,"dropout: absent from 49 snapshot(s), 752 s between sightings",,,A2,FL180 and above,,123,91.225(d)(2),2002,Type certificated
AC-77A78F,,,B752,adsb_icao,2,pass,9,1,8,2,3,,,"dropout: position went at least 58 s without a refresh, then reacquired (threshold 20 s); dropout: absent from 6 snapshot(s), 105 s between sightings",,,A4,"Below 10,000 ft",sil alternated between 2 and 3 (2 changes),60,91.225(d)(2),1996,Type certificated
AC-69683F,,,B752,adsb_icao,2,pass,9,1,8,2,3,,,,,,A4,"10,000 ft to FL180",,2,91.225(d)(4),2000,Type certificated
AC-42CD32,,,,adsb_icao,2,pass,10,2,9,2,3,,,,last position 49 s old when last seen; not reacquired in the window,,A7,"Below 10,000 ft",,66,91.225(d)(2),2021,Type certificated
AC-EFB6E1,,,GL7T,adsb_icao,2,pass,10,1,8,2,3,,,,,,A3,"Below 10,000 ft",,20,91.225(d)(2),2023,Type certificated
AC-357184,,,SR20,adsb_icao,2,pass,10,2,8,2,3,,,,last position 53 s old when last seen; not reacquired in the window,,A1,"Below 10,000 ft",,10,no,2021,Type certificated
AC-1D1076,,,GALX,adsb_icao,2,pass,10,1,8,2,3,,,,,,A2,FL180 and above,,55,91.225(d)(1),2008,Type certificated
AC-68D35D,,,F900,adsb_icao,2,pass,10,1,10,2,3,,,,,,A2,FL180 and above,,15,91.225(d)(4),1987,Type certificated
AC-DF71E0,,,BCS3,adsb_icao,2,pass,10,1,8,2,3,,,,,,A3,FL180 and above,,13,91.225(d)(4),2021,Type certificated
AC-8C4569,,,BE35,adsb_icao,2,pass,10,2,9,2,3,,,,,,A1,"Below 10,000 ft",,36,no,1978,Type certificated
AC-A81037,,,A21N,adsb_icao,2,pass,10,2,8,2,3,,,,,,A3,FL180 and above,,45,91.225(d)(4),2020,Type certificated
AC-79DBE1,,,BCS3,adsb_icao,2,pass,10,1,8,2,3,,,,,,A3,FL180 and above,,34,91.225(d)(4),2021,Type certificated
AC-950552,,,A21N,adsb_icao,2,pass,10,2,8,2,3,,,,,,A3,FL180 and above,,120,91.225(d)(4),2020,Type certificated
AC-47CC1E,,,B737,adsb_icao,2,pass,10,2,8,2,3,,,,last position 53 s old when last seen; not reacquired in the window,,A3,FL180 and above,,159,91.225(d)(4),2005,Type certificated
AC-C090F8,,,C172,adsb_icao,2,pass,10,2,9,2,3,,,"dropout: position went at least 57 s without a refresh, then reacquired (threshold 20 s); dropout: absent from 1 snapshot(s), 30 s between sightings",,,A1,"Below 10,000 ft",,116,no,2005,Type certificated
AC-487BC6,,,E75L,adsb_icao,2,pass,10,2,8,2,3,,,"dropout: position went at least 55 s without a refresh, then reacquired (threshold 20 s); dropout: absent from 1 snapshot(s), 30 s between sightings",,,A3,FL180 and above,sil alternated between 2 and 3 (1 change),159,91.225(d)(4),2008,Type certificated
AC-7B16E3,,,B06,adsb_icao,2,pass,10,2,9,2,3,,,,last position 53 s old when last seen; not reacquired in the window,,A7,"Below 10,000 ft",,117,91.225(d)(2),1989,Type certificated
AC-4E2DCE,,,E75L,adsb_icao,2,pass,10,2,8,2,3,,,,last position 53 s old when last seen; not reacquired in the window,,A3,FL180 and above,,146,91.225(d)(4),2008,Type certificated
AC-06CB2A,,,CL60,adsb_icao,2,pass,10,1,8,2,3,,,,,,A2,"10,000 ft to FL180",,53,91.225(d)(1),2015,Type certificated
AC-9A017F,,,A21N,adsb_icao,2,pass,10,2,8,2,3,,,"dropout: position went at least 49 s without a refresh, then reacquired (threshold 20 s); dropout: absent from 6 snapshot(s), 104 s between sightings",,,A3,"10,000 ft to FL180",sil alternated between 2 and 3 (2 changes),234,91.225(d)(4),2020,Type certificated
AC-5701E2,,,E75L,adsb_icao,2,pass,10,2,8,2,3,,,,last position 51 s old when last seen; not reacquired in the window,,A3,"10,000 ft to FL180",,120,91.225(d)(4),2008,Type certificated
AC-86F1C8,,,CL30,adsb_icao,2,pass,11,1,8,2,3,,,,,,A2,FL180 and above,,60,91.225(d)(4),2012,Type certificated
AC-F73028,,,BE55,adsb_icao,2,pass,10,2,9,2,3,,,,last position 56 s old when last seen; not reacquired in the window,,A1,"Below 10,000 ft",,81,no,1967,Type certificated
AC-E42F25,,,E75L,adsb_icao,2,pass,10,2,8,2,3,,,,,,A3,FL180 and above,,24,91.225(d)(4),2008,Type certificated
AC-C8AF30,,,,adsb_icao,2,pass,10,1,8,2,3,,,,,,A2,FL180 and above,,5,91.225(d)(4),2026,Type certificated
AC-481396,,,BCS3,adsb_icao,2,pass,10,1,8,2,3,,,,,,A3,FL180 and above,,94,91.225(d)(4),2022,Type certificated
AC-D71B58,,,E75L,adsb_icao,2,pass,10,2,8,2,3,,,"dropout: position went at least 47 s without a refresh, then reacquired (threshold 20 s); dropout: absent from 1 snapshot(s), 30 s between sightings",,,A3,"10,000 ft to FL180",sil alternated between 2 and 3 (1 change),67,91.225(d)(1),2008,Type certificated
AC-7FF973,,,C182,adsb_icao,2,pass,10,2,9,2,3,,,,last position 48 s old when last seen; not reacquired in the window,,A1,"Below 10,000 ft",,22,91.225(d)(2),2005,Type certificated
AC-306404,,,E75L,adsb_icao,2,pass,10,2,8,2,3,,,,,,A3,FL180 and above,,133,91.225(d)(4),2008,Type certificated
AC-6DE24A,,,M20T,adsb_icao,2,pass,10,2,9,2,3,,,,,,A1,"10,000 ft to FL180",,96,91.225(d)(4),1998,Type certificated
AC-EBA4D8,,,P28A,adsb_icao,2,pass,10,2,9,2,3,,,,last position 47 s old when last seen; not reacquired in the window,,A1,"Below 10,000 ft",,60,91.225(d)(2),1979,Type certificated
AC-28FF6A,,,CL60,adsb_icao,2,pass,10,1,8,2,3,,,,,,A2,FL180 and above,,28,91.225(d)(4),2016,Type certificated
AC-F64C78,,,A21N,adsb_icao,2,pass,9,1,8,2,3,,,"dropout: position went at least 32 s without a refresh, then reacquired (threshold 20 s)",,,A3,Surface,,197,91.225(d)(1),2023,Type certificated
AC-0069A1,,,C172,adsb_icao,2,pass,10,2,9,2,3,,,,last position 51 s old when last seen; not reacquired in the window,,A1,"Below 10,000 ft",,14,no,,Type certificated
AC-F73FDA,,,E75L,adsb_icao,2,pass,10,2,8,2,3,,,"dropout: position went at least 59 s without a refresh, then reacquired (threshold 20 s); dropout: absent from 8 snapshot(s), 135 s between sightings; dropout: absent from 2 snapshot(s), 46 s between sightings; dropout: absent from 8 snapshot(s), 136 s between sightings",,,A3,"Below 10,000 ft",sil alternated between 2 and 3 (4 changes),53,91.225(d)(1),2009,Type certificated
AC-C6A364,,,B06,adsb_icao,2,pass,10,2,9,2,3,,,"dropout: position went at least 60 s without a refresh, then reacquired (threshold 20 s); dropout: absent from 5 snapshot(s), 90 s between sightings; dropout: absent from 19 snapshot(s), 301 s between sightings; dropout: absent from 2 snapshot(s), 45 s between sightings; dropout: absent from 11 snapshot(s), 180 s between sightings; dropout: absent from 4 snapshot(s), 75 s between sightings; dropout: absent from 21 snapshot(s), 330 s between sightings",,,A7,"Below 10,000 ft",nac_p alternated between 0 and 10 (4 changes); nic alternated between 4 and 9 (4 changes); sil alternated between 0 and 3 (10 changes),178,no,1991,Type certificated
AC-C5DF94,,,TBM9,adsb_icao,2,pass,9,2,9,2,3,,,"dropout: position went at least 31 s without a refresh, then reacquired (threshold 20 s)",,,A1,Surface,nic alternated between 0 and 9 (1 change),33,91.225(d)(2),2014,Type certificated
AC-763E36,,,B06,adsb_icao,2,pass,10,2,9,2,3,,,,last position 56 s old when last seen; not reacquired in the window,,A7,"Below 10,000 ft",nic alternated between 0 and 9 (1 change),71,91.225(d)(1),1999,Type certificated
AC-96B1D2,,,A21N,adsb_icao,2,pass,9,2,8,2,3,,,,,,A3,"Below 10,000 ft",,74,91.225(d)(2),2024,Type certificated
AC-F61AE5,,,BCS3,adsb_icao,2,pass,10,1,8,2,3,,,,,,A3,FL180 and above,,40,91.225(d)(4),2023,Type certificated
AC-99A475,,,,adsb_icao,2,pass,10,2,8,2,3,,,,last position 46 s old when last seen; not reacquired in the window,,A7,"Below 10,000 ft",,77,91.225(d)(2),,Type certificated
AC-3E89B4,,,E75L,adsb_icao,2,pass,10,2,8,2,3,,,,,,A3,"Below 10,000 ft",,19,91.225(d)(2),2008,Type certificated
AC-E0A143,,,GLF4,adsb_icao,2,pass,10,2,8,2,3,,,"dropout: position went at least 51 s without a refresh, then reacquired (threshold 20 s); dropout: absent from 3 snapshot(s), 60 s between sightings; dropout: absent from 4 snapshot(s), 75 s between sightings; dropout: absent from 3 snapshot(s), 60 s between sightings; dropout: absent from 19 snapshot(s), 300 s between sightings",,,A2,"Below 10,000 ft",sil alternated between 2 and 3 (4 changes),111,91.225(d)(2),,Type certificated
AC-2B8F22,,,CL35,adsb_icao,2,pass,10,1,8,2,3,,,,,,A2,"10,000 ft to FL180",,25,91.225(d)(4),2018,Type certificated
AC-834B84,,,CRJ9,adsb_icao,2,pass,10,1,8,2,3,,,,,,A3,"10,000 ft to FL180",,20,91.225(d)(4),2009,Type certificated
AC-C5C559,,,GLEX,adsb_icao,2,pass,10,2,8,2,3,,,,,,,Surface,,1,91.225(d)(2),2003,Type certificated
AC-C0971B,,,BE35,adsb_icao,2,pass,10,2,8,2,3,,,,,,A1,"10,000 ft to FL180",,135,91.225(d)(4),1976,Type certificated
AC-79A647,,,E75L,adsb_icao,2,pass,10,2,8,2,3,,,"dropout: position went at least 54 s without a refresh, then reacquired (threshold 20 s); dropout: absent from 3 snapshot(s), 60 s between sightings",,,A3,FL180 and above,sil alternated between 2 and 3 (2 changes),120,91.225(d)(1),2008,Type certificated
AC-82CEE0,,,GLF5,adsb_icao,2,pass,10,1,8,2,3,,,"dropout: absent from 1 snapshot(s), 31 s between sightings; dropout: absent from 2 snapshot(s), 45 s between sightings",last position 59 s old when last seen; not reacquired in the window,,A3,Surface,sil alternated between 2 and 3 (1 change),21,91.225(d)(2),1996,Type certificated
AC-422315,,,PC24,adsb_icao,2,pass,10,2,8,2,3,,,,,,A2,FL180 and above,,32,91.225(d)(4),2023,Type certificated
AC-EAB93E,,,C150,adsr_icao,,incomplete,,0,0,,,,,,last position 52 s old when last seen; not reacquired in the window,,A1,"Below 10,000 ft",,75,no,1968,Type certificated
AC-5A0846,,,E75L,adsb_icao,2,pass,10,2,8,2,3,,,,,,A3,FL180 and above,,71,91.225(d)(4),2008,Type certificated
AC-55D678,,,BCS3,adsb_icao,2,pass,10,1,8,2,3,,,,,,A3,FL180 and above,,106,91.225(d)(4),2024,Type certificated
AC-9A0EA5,,,E75L,adsb_icao,2,pass,10,2,8,2,3,,,,,,A3,FL180 and above,,104,91.225(d)(4),2008,Type certificated
AC-0F6900,,,E75L,adsb_icao,2,pass,10,2,8,2,3,,,,,,A3,Surface,,5,91.225(d)(1),2008,Type certificated
AC-54223D,,,PC24,adsb_icao,2,pass,10,2,8,2,3,,,,,,A2,FL180 and above,,2,91.225(d)(4),,Type certificated
AC-F134E1,,,,adsb_icao,2,pass,10,2,9,2,3,,,,,,A6,"Below 10,000 ft",,63,91.225(d)(2),2025,Not type certificated (experimental)
AC-7E5A7D,,,BCS3,adsb_icao,2,pass,10,1,8,2,3,,,,,,A3,FL180 and above,,17,91.225(d)(4),2024,Type certificated
AC-FFA042,,,BCS3,adsb_icao,2,pass,10,1,8,2,3,,,,,,A3,FL180 and above,,90,91.225(d)(4),2024,Type certificated
AC-2656C6,,,E75L,adsb_icao,2,pass,10,2,8,2,3,,,"dropout: position went at least 53 s without a refresh, then reacquired (threshold 20 s); dropout: absent from 195 snapshot(s), 2941 s between sightings; dropout: absent from 12 snapshot(s), 194 s between sightings",,,A3,"Below 10,000 ft",,33,91.225(d)(1),2008,Type certificated
AC-D9CF60,,,B737,adsb_icao,2,pass,10,2,8,2,3,,,"dropout: position went at least 46 s without a refresh, then reacquired (threshold 20 s); dropout: absent from 12 snapshot(s), 195 s between sightings",,,A3,"Below 10,000 ft",sil alternated between 2 and 3 (1 change),8,91.225(d)(1),2006,Type certificated
AC-02AF4E,,,B737,adsb_icao,2,pass,10,2,8,2,3,,,,,,A3,FL180 and above,,56,91.225(d)(4),2006,Type certificated
AC-03DDEC,,,E75L,adsb_icao,2,pass,10,2,8,2,3,,,,,,A3,FL180 and above,,79,91.225(d)(1),2008,Type certificated
AC-129F93,,,BCS3,adsb_icao,2,pass,10,1,8,2,3,,,,,,A3,FL180 and above,,63,91.225(d)(1),2024,Type certificated
AC-F91CE4,,,GLF6,adsb_icao,2,pass,10,2,8,2,3,,,"dropout: position went at least 59 s without a refresh, then reacquired (threshold 20 s); dropout: absent from 2 snapshot(s), 45 s between sightings; dropout: absent from 8 snapshot(s), 135 s between sightings; dropout: absent from 80 snapshot(s), 1215 s between sightings",,,A3,FL180 and above,nac_v alternated between 0 and 2 (1 change); sil alternated between 2 and 3 (2 changes),150,91.225(d)(4),2021,Type certificated
AC-28B4A5,,,SR20,adsb_icao,2,pass,10,2,9,2,3,,,,last position 59 s old when last seen; not reacquired in the window,,A1,"Below 10,000 ft",,42,no,2025,Type certificated
AC-3CFA02,,,GLF5,adsb_icao,2,pass,10,1,8,2,3,,,,,,A3,FL180 and above,,73,91.225(d)(4),1999,Type certificated
AC-7908BF,,,E145,adsb_icao,2,pass,10,2,8,2,3,,,,,,A2,FL180 and above,,66,91.225(d)(4),1999,Type certificated
AC-5D2CDE,,,PA46,adsb_icao,2,pass,10,2,9,2,3,,,,,,A1,"Below 10,000 ft",,8,91.225(d)(1),2002,Type certificated
AC-F2E581,,,,adsb_icao,2,pass,10,2,9,2,3,,,,,,A1,"Below 10,000 ft",,40,91.225(d)(2),2026,Type certificated
AC-F8148A,,,B738,adsb_icao,2,pass,9,1,8,2,3,,,"dropout: absent from 4 snapshot(s), 76 s between sightings",last position 49 s old when last seen; not reacquired in the window,,A3,"Below 10,000 ft",,67,91.225(d)(1),1999,Type certificated
AC-BB6AB3,,,BCS3,adsb_icao,2,pass,10,1,8,2,3,,,,,,A3,FL180 and above,,55,91.225(d)(4),2026,Type certificated
AC-A90760,,,B77W,adsb_icao,2,pass,9,1,8,2,3,,,,,,A5,"Below 10,000 ft",,67,91.225(d)(2),2017,Type certificated
AC-DFCCB1,,,B77W,adsb_icao,2,pass,9,1,8,2,3,,,,,,A5,FL180 and above,,67,91.225(d)(4),2018,Type certificated
AC-12DF6E,,,BCS3,adsb_icao,2,pass,10,1,8,2,3,,,,,,A3,FL180 and above,,101,91.225(d)(4),2026,Type certificated
AC-66EFAB,,,BCS3,adsb_icao,2,pass,10,1,8,2,3,,,,,,A3,FL180 and above,,103,91.225(d)(1),2026,Type certificated
AC-A45B69,,,E545,adsb_icao,2,pass,10,1,8,2,3,,,,,,A2,"10,000 ft to FL180",,14,91.225(d)(2),2025,Type certificated
AC-0C4ED1,,,T6,adsb_icao,2,pass,10,2,9,2,3,,,,,,A1,"Below 10,000 ft",,89,91.225(d)(2),1956,Type certificated
AC-7759CE,,,C172,adsb_icao,2,pass,10,2,9,2,3,,,"dropout: position went at least 60 s without a refresh, then reacquired (threshold 20 s)",,,A1,"Below 10,000 ft",sil alternated between 2 and 3 (3 changes),42,no,2008,Type certificated
AC-BE2872,,,B788,adsb_icao,2,pass,9,1,8,2,3,,,,,,A5,FL180 and above,,94,91.225(d)(4),2014,Type certificated
AC-13A791,,,S22T,adsb_icao,2,pass,10,2,9,2,3,,,"dropout: position went at least 52 s without a refresh, then reacquired (threshold 20 s); dropout: absent from 59 snapshot(s), 901 s between sightings; dropout: absent from 3 snapshot(s), 60 s between sightings",,,A1,"Below 10,000 ft",nac_p alternated between 0 and 10 (8 changes); nic alternated between 0 and 9 (6 changes); sil alternated between 2 and 3 (8 changes),178,no,2016,Type certificated
AC-D2A702,,,,adsb_icao,2,pass,10,1,8,2,3,,,"dropout: absent from 26 snapshot(s), 405 s between sightings",last position 59 s old when last seen; not reacquired in the window,,A2,"10,000 ft to FL180",sil alternated between 2 and 3 (1 change),70,91.225(d)(4),2026,Type certificated
AC-986FAB,,,CRJ9,adsb_icao,2,pass,10,1,8,2,3,,,"dropout: position went at least 51 s without a refresh, then reacquired (threshold 20 s); dropout: absent from 16 snapshot(s), 254 s between sightings",,,A3,Surface,,42,91.225(d)(1),2013,Type certificated
AC-B0D6D3,,,C68A,adsb_icao,2,pass,10,2,9,2,3,,,"dropout: position went at least 48 s without a refresh, then reacquired (threshold 20 s); dropout: absent from 2 snapshot(s), 45 s between sightings; dropout: absent from 7 snapshot(s), 120 s between sightings; dropout: absent from 3 snapshot(s), 60 s between sightings; dropout: absent from 1 snapshot(s), 28 s between sightings; dropout: absent from 7 snapshot(s), 120 s between sightings; dropout: absent from 7 snapshot(s), 123 s between sightings",,,A2,FL180 and above,,170,91.225(d)(2),2024,Type certificated
AC-F7C890,,,B38M,adsb_icao,2,pass,10,2,8,2,3,,,"dropout: absent from 7 snapshot(s), 121 s between sightings",,,A3,FL180 and above,,34,91.225(d)(4),2023,Type certificated
AC-8A4792,,,B737,adsb_icao,2,pass,10,2,8,2,3,,,"dropout: position went at least 49 s without a refresh, then reacquired (threshold 20 s); dropout: absent from 29 snapshot(s), 450 s between sightings; dropout: absent from 6 snapshot(s), 104 s between sightings",,,A3,"10,000 ft to FL180",,21,91.225(d)(1),2007,Type certificated
AC-3D313E,,,CRJ9,adsb_icao,2,pass,10,1,8,2,3,,,,,,A3,"10,000 ft to FL180",,110,91.225(d)(4),2013,Type certificated
AC-CDDD18,,,G280,adsb_icao,2,pass,10,1,8,2,3,,,"dropout: position went at least 59 s without a refresh, then reacquired (threshold 20 s); dropout: absent from 3 snapshot(s), 60 s between sightings; dropout: absent from 1 snapshot(s), 30 s between sightings; dropout: absent from 1 snapshot(s), 30 s between sightings",,,A2,Surface,sil alternated between 2 and 3 (4 changes),44,91.225(d)(2),2020,Type certificated
AC-D5ED23,,,C25B,adsb_icao,2,pass,10,1,8,2,3,,,,last position 56 s old when last seen; not reacquired in the window,,A1,"10,000 ft to FL180",,124,91.225(d)(4),2007,Type certificated
AC-052825,,,A320,adsb_icao,2,pass,9,1,8,3,3,,,,,,A3,FL180 and above,,65,91.225(d)(4),2011,Type certificated
AC-5ECFEC,,,B752,adsb_icao,2,pass,9,1,8,2,3,,,"dropout: position went at least 59 s without a refresh, then reacquired (threshold 20 s); dropout: absent from 3 snapshot(s), 60 s between sightings; dropout: absent from 7 snapshot(s), 120 s between sightings",,,A4,FL180 and above,sil alternated between 2 and 3 (2 changes),88,91.225(d)(1),1998,Type certificated
AC-576A3D,,,PC24,adsb_icao,2,pass,10,2,8,2,3,,,"dropout: position went at least 57 s without a refresh, then reacquired (threshold 20 s); dropout: absent from 115 snapshot(s), 1738 s between sightings",,,A2,"10,000 ft to FL180",,119,91.225(d)(4),2023,Type certificated
AC-7FE1A9,,,CRJ9,adsb_icao,2,pass,10,1,8,2,3,,,"dropout: position went at least 38 s without a refresh, then reacquired (threshold 20 s)",,,A3,FL180 and above,,84,91.225(d)(1),2013,Type certificated
AC-9EACC1,,,CRJ9,adsb_icao,2,pass,10,1,8,2,3,,,"dropout: position went at least 60 s without a refresh, then reacquired (threshold 20 s); dropout: absent from 25 snapshot(s), 391 s between sightings; dropout: absent from 3 snapshot(s), 60 s between sightings; dropout: absent from 8 snapshot(s), 136 s between sightings",,,A3,Surface,sil alternated between 2 and 3 (4 changes),38,91.225(d)(1),2013,Type certificated
AC-075F47,,,FA50,adsb_icao,2,pass,10,1,8,2,3,,,,last position 46 s old when last seen; not reacquired in the window,,A2,"Below 10,000 ft",nac_p alternated between 0 and 10 (1 change); nic alternated between 0 and 8 (1 change); sil alternated between 0 and 3 (1 change),51,91.225(d)(1),2000,Type certificated
AC-603D80,,,B789,adsb_icao,2,pass,9,2,8,2,3,,,"dropout: position went at least 59 s without a refresh, then reacquired (threshold 20 s); dropout: absent from 23 snapshot(s), 360 s between sightings; dropout: absent from 18 snapshot(s), 285 s between sightings",,,A5,FL180 and above,nac_v alternated between 0 and 2 (2 changes); sil alternated between 2 and 3 (4 changes),109,91.225(d)(1),2020,Type certificated
AC-DAE8E1,,,C310,adsb_icao,2,pass,10,2,9,2,3,,,,,,A1,"Below 10,000 ft",,5,91.225(d)(2),1973,Type certificated
AC-DF7D0B,,,C25A,adsb_icao,2,pass,10,2,9,2,3,,,,,,A1,"10,000 ft to FL180",,62,91.225(d)(4),2002,Type certificated
AC-ADD993,,,C560,adsb_icao,2,incomplete,,2,9,,,,,,last position 58 s old when last seen; not reacquired in the window,,A1,"Below 10,000 ft",,2,91.225(d)(2),1990,Type certificated
AC-EF3FB5,,,CRJ9,adsb_icao,2,pass,10,1,8,2,3,,,,last position 60 s old when last seen; not reacquired in the window,,A3,FL180 and above,,165,91.225(d)(4),2013,Type certificated
AC-239FEA,,,BCS3,adsb_icao,2,pass,10,1,8,2,3,,,"dropout: position went at least 59 s without a refresh, then reacquired (threshold 20 s); dropout: absent from 3 snapshot(s), 60 s between sightings; dropout: absent from 3 snapshot(s), 60 s between sightings; dropout: absent from 7 snapshot(s), 120 s between sightings",,,A3,"10,000 ft to FL180",sil alternated between 2 and 3 (6 changes),63,91.225(d)(1),2021,Type certificated
AC-792591,,,A21N,adsb_icao,2,pass,10,2,8,2,3,,,,last position 49 s old when last seen; not reacquired in the window,,A3,Surface,,49,91.225(d)(1),2025,Type certificated
AC-939257,,,CRJ9,adsb_icao,2,pass,10,1,8,2,3,,,,,,A3,"10,000 ft to FL180",,197,91.225(d)(4),2014,Type certificated
AC-A97191,,,BCS3,adsb_icao,2,pass,10,1,8,2,3,,,,,,A3,FL180 and above,,59,91.225(d)(4),2021,Type certificated
AC-E413D2,,,P28A,adsb_icao,2,pass,9,1,9,2,3,,,"dropout: position went at least 54 s without a refresh, then reacquired (threshold 20 s); dropout: absent from 58 snapshot(s), 885 s between sightings",,,A1,"Below 10,000 ft",nac_p alternated between 0 and 9 (1 change); nic alternated between 0 and 9 (1 change); sil alternated between 2 and 3 (1 change),149,91.225(d)(2),1978,Type certificated
AC-A6B954,,,BCS3,adsb_icao,2,pass,10,1,8,2,3,,,,,,A3,FL180 and above,,24,91.225(d)(4),2021,Type certificated
AC-9CB351,,,A321,adsb_icao,2,pass,10,1,8,2,3,,,,,,A3,FL180 and above,,68,91.225(d)(4),2016,Type certificated
AC-0B1A0E,,,CRJ9,adsb_icao,2,pass,10,1,8,2,3,,,"dropout: position went at least 59 s without a refresh, then reacquired (threshold 20 s); dropout: absent from 7 snapshot(s), 120 s between sightings; dropout: absent from 1 snapshot(s), 30 s between sightings",,,A3,"10,000 ft to FL180",sil alternated between 2 and 3 (1 change),114,91.225(d)(4),2014,Type certificated
AC-BCEDB3,,,BCS3,adsb_icao,2,pass,10,1,8,2,3,,,,,,A3,FL180 and above,,108,91.225(d)(4),2021,Type certificated
AC-A2B8AB,,,BCS3,adsb_icao,2,pass,10,1,8,2,3,,,,,,A3,FL180 and above,,77,91.225(d)(4),2022,Type certificated
AC-6A33D7,,,BCS3,adsb_icao,2,pass,10,1,8,2,3,,,,,,A3,FL180 and above,,65,91.225(d)(4),2022,Type certificated
AC-A8C71D,,,BCS3,adsb_icao,2,pass,10,1,8,2,3,,,,,,A3,FL180 and above,,7,91.225(d)(4),2022,Type certificated
AC-429264,,,BCS3,adsb_icao,2,pass,10,1,8,2,3,,,"dropout: position went at least 57 s without a refresh, then reacquired (threshold 20 s); dropout: absent from 7 snapshot(s), 120 s between sightings; dropout: absent from 1 snapshot(s), 30 s between sightings; dropout: absent from 1 snapshot(s), 30 s between sightings",,,A3,Surface,,231,91.225(d)(1),2023,Type certificated
AC-F0DD72,,,A321,adsb_icao,2,pass,10,1,8,2,3,,,,,,A3,FL180 and above,,78,91.225(d)(4),2016,Type certificated
AC-A61C59,,,BCS3,adsb_icao,2,pass,10,1,8,2,3,,,,,,A3,FL180 and above,,8,91.225(d)(4),2023,Type certificated
AC-FCFC39,,,FA50,adsb_icao,2,pass,10,1,8,2,3,,,,,,A2,"10,000 ft to FL180",nac_p alternated between 0 and 10 (1 change); nac_v alternated between 0 and 1 (1 change); nic alternated between 0 and 8 (1 change); sil alternated between 0 and 3 (1 change),36,91.225(d)(2),2001,Type certificated
AC-739A5A,,,B738,adsb_icao,2,pass,9,1,8,2,3,,,,,,A3,FL180 and above,,25,91.225(d)(1),2017,Type certificated
AC-51A03F,,,B38M,adsb_icao,2,pass,10,2,8,2,3,,,"dropout: position went at least 53 s without a refresh, then reacquired (threshold 20 s); dropout: absent from 4 snapshot(s), 75 s between sightings",,,A3,"Below 10,000 ft",sil alternated between 2 and 3 (2 changes),86,91.225(d)(2),2024,Type certificated
AC-96CD5A,,,CL30,adsb_icao,2,pass,10,1,8,2,3,,,"dropout: position went at least 43 s without a refresh, then reacquired (threshold 20 s)",,,A2,"10,000 ft to FL180",,44,91.225(d)(1),2007,Type certificated
AC-01BB81,,,BCS3,adsb_icao,2,pass,10,1,8,2,3,,,,,,A3,FL180 and above,,75,91.225(d)(4),2023,Type certificated
AC-E9CA43,,,BCS3,adsb_icao,2,pass,10,1,8,2,3,,,,,,A3,FL180 and above,,28,91.225(d)(4),2023,Type certificated
AC-05932D,,,BCS3,adsb_icao,2,pass,10,1,8,2,3,,,,last position 46 s old when last seen; not reacquired in the window,,A3,Surface,,23,91.225(d)(1),2024,Type certificated
AC-8919B5,,,CL30,adsb_icao,2,pass,10,1,8,2,3,,,"dropout: position went at least 59 s without a refresh, then reacquired (threshold 20 s); dropout: absent from 19 snapshot(s), 300 s between sightings; dropout: absent from 2 snapshot(s), 46 s between sightings",,,A2,"10,000 ft to FL180",sil alternated between 2 and 3 (4 changes),65,91.225(d)(1),2007,Type certificated
AC-E599A9,,,FA7X,adsb_icao,2,pass,10,2,8,2,3,,,,,,A2,FL180 and above,,72,91.225(d)(2),2009,Type certificated
AC-F82165,,,F2TH,adsb_icao,2,pass,10,2,8,2,3,,,"dropout: position went at least 34 s without a refresh, then reacquired (threshold 20 s)",,,A2,FL180 and above,,130,91.225(d)(2),2013,Type certificated
AC-28C186,,,E545,adsb_icao,2,pass,10,1,8,2,3,,,,,,A2,FL180 and above,,103,91.225(d)(4),2024,Type certificated
AC-E13C19,,,S22T,adsb_icao,2,pass,9,2,8,2,3,,,,last position 56 s old when last seen; not reacquired in the window,,A1,Surface,nic alternated between 0 and 8 (4 changes),19,91.225(d)(2),2018,Type certificated
AC-D99017,,,B38M,adsb_icao,2,pass,9,1,8,2,3,,,"dropout: absent from 14 snapshot(s), 225 s between sightings",last position 53 s old when last seen; not reacquired in the window,,A3,Surface,sil alternated between 2 and 3 (2 changes),31,91.225(d)(1),2018,Type certificated
AC-515895,,,BCS3,adsb_icao,2,pass,10,1,8,2,3,,,"dropout: position went at least 33 s without a refresh, then reacquired (threshold 20 s)",,,A3,Surface,sil alternated between 2 and 3 (1 change),58,91.225(d)(1),2024,Type certificated
AC-45E7D6,,,E55P,adsb_icao,2,pass,10,2,8,2,3,,,,,,A2,"Below 10,000 ft",,6,91.225(d)(2),2016,Type certificated
AC-C4B3EB,,,AS50,adsb_icao,2,pass,10,2,9,2,3,,,"dropout: position went at least 53 s without a refresh, then reacquired (threshold 20 s); dropout: absent from 6 snapshot(s), 105 s between sightings",,,A7,"Below 10,000 ft",sil alternated between 2 and 3 (1 change),232,91.225(d)(2),2019,Type certificated
AC-9C84F4,,,A20N,adsb_icao,2,pass,10,2,8,3,3,,,"dropout: position went at least 53 s without a refresh, then reacquired (threshold 20 s); dropout: absent from 3 snapshot(s), 60 s between sightings",,,A3,"Below 10,000 ft",,13,91.225(d)(1),2017,Type certificated
AC-539CBA,,,BCS3,adsb_icao,2,pass,10,1,8,2,3,,,,,,A3,"10,000 ft to FL180",,15,91.225(d)(4),2024,Type certificated
AC-6E4340,,,BCS3,adsb_icao,2,pass,10,1,8,2,3,,,"dropout: position went at least 51 s without a refresh, then reacquired (threshold 20 s); dropout: absent from 3 snapshot(s), 60 s between sightings",,,A3,"10,000 ft to FL180",,186,91.225(d)(1),2024,Type certificated
AC-C1F828,,,BCS3,adsb_icao,2,pass,10,1,8,2,3,,,,,,A3,FL180 and above,,64,91.225(d)(4),2024,Type certificated
AC-1A0B20,,,BCS3,adsb_icao,2,pass,10,1,8,2,3,,,"dropout: position went at least 22 s without a refresh, then reacquired (threshold 20 s)",,,A3,FL180 and above,,117,91.225(d)(4),2024,Type certificated
AC-689F47,,,BCS3,adsb_icao,2,pass,10,1,8,2,3,,,,,,A3,FL180 and above,,15,91.225(d)(4),2024,Type certificated
AC-E62440,,,BCS3,adsb_icao,2,pass,10,1,8,2,3,,,"dropout: position went at least 36 s without a refresh, then reacquired (threshold 20 s)",,,A3,FL180 and above,,116,91.225(d)(1),2025,Type certificated
AC-9AFDAF,,,A319,adsb_icao,2,pass,10,2,8,2,3,,,"dropout: position went at least 51 s without a refresh, then reacquired (threshold 20 s); dropout: absent from 3 snapshot(s), 60 s between sightings",,,A3,"10,000 ft to FL180",,91,91.225(d)(1),2001,Type certificated
AC-773E18,,,CRJ9,adsb_icao,2,pass,10,1,8,2,3,,,"dropout: position went at least 56 s without a refresh, then reacquired (threshold 20 s); dropout: absent from 1 snapshot(s), 30 s between sightings; dropout: absent from 5 snapshot(s), 90 s between sightings; dropout: absent from 19 snapshot(s), 300 s between sightings",,,A3,"10,000 ft to FL180",sil alternated between 2 and 3 (6 changes),71,91.225(d)(1),2014,Type certificated
AC-DC76B2,,,GLF6,adsb_icao,2,pass,10,2,8,2,3,,,,,,A3,FL180 and above,,36,91.225(d)(4),2016,Type certificated
AC-773E43,,,BCS3,adsb_icao,2,pass,10,1,8,2,3,,,,,,A3,FL180 and above,,163,91.225(d)(4),2006,Type certificated
AC-F21DA3,,,,adsb_icao,2,pass,10,2,8,2,3,,,"dropout: position went at least 28 s without a refresh, then reacquired (threshold 20 s)",,,A3,"Below 10,000 ft",,41,91.225(d)(2),2012,Type certificated
AC-05C395,,,,adsb_icao,2,pass,10,1,8,2,3,,,,,,A3,FL180 and above,,97,91.225(d)(4),,Type certificated
AC-795545,,,B738,adsb_icao,2,pass,9,1,8,2,3,,,,,,A3,FL180 and above,,62,91.225(d)(1),2005,Type certificated
AC-3D34C3,,,C172,adsb_icao,2,pass,10,2,9,2,3,,,,last position 33 s old when last seen; not reacquired in the window,,A1,"Below 10,000 ft",,240,no,2025,Type certificated
AC-8FBE63,,,BCS3,adsb_icao,2,pass,10,1,8,2,3,,,,,,A3,FL180 and above,,42,91.225(d)(4),2025,Type certificated
AC-960B0B,,,CRJ9,adsb_icao,2,pass,11,1,8,2,3,,,,last position 46 s old when last seen; not reacquired in the window,,A3,"Below 10,000 ft",,41,91.225(d)(1),2014,Type certificated
AC-CACA19,,,E50P,adsb_icao,2,pass,10,2,9,2,3,,,,,,A1,"10,000 ft to FL180",,31,91.225(d)(2),2010,Type certificated
AC-76BA3D,,,CRJ9,adsb_icao,2,pass,10,1,8,2,3,,,,last position 53 s old when last seen; not reacquired in the window,,A3,"10,000 ft to FL180",,133,91.225(d)(4),2014,Type certificated
AC-025591,,,B38M,adsb_icao,2,pass,10,2,8,2,3,,,"dropout: position went at least 59 s without a refresh, then reacquired (threshold 20 s); dropout: absent from 1 snapshot(s), 30 s between sightings",,,A3,Surface,,81,91.225(d)(1),2021,Type certificated
AC-151304,,,BCS3,adsb_icao,2,pass,10,1,8,2,3,,,,,,A3,FL180 and above,,6,91.225(d)(4),2026,Type certificated
AC-719D34,,,A319,adsb_icao,2,pass,10,2,8,2,3,,,,,,A3,FL180 and above,,10,91.225(d)(4),2002,Type certificated
AC-0F0228,,,A319,adsb_icao,2,pass,10,2,8,2,3,,,,,,A3,FL180 and above,,53,91.225(d)(4),,Type certificated
AC-3F42B3,,,EC35,adsb_icao,2,pass,9,2,8,2,3,,,,,,A7,"Below 10,000 ft",,24,91.225(d)(2),2013,Type certificated
AC-AC3CE3,,,CRJ9,adsb_icao,2,pass,10,1,8,2,3,,,,last position 57 s old when last seen; not reacquired in the window,,A3,"Below 10,000 ft",,25,91.225(d)(1),2015,Type certificated
AC-41F5AC,,,CL35,adsb_icao,2,pass,10,1,8,2,3,,,,,,A2,FL180 and above,,106,91.225(d)(4),2019,Type certificated
AC-AFFEE4,,,A321,adsb_icao,2,pass,10,2,8,2,3,,,,,,A3,FL180 and above,,88,91.225(d)(4),2018,Type certificated
AC-6101B5,,,LJ60,adsb_icao,2,pass,10,1,8,2,3,,,"dropout: position went at least 60 s without a refresh, then reacquired (threshold 20 s); dropout: absent from 2 snapshot(s), 45 s between sightings; dropout: absent from 1 snapshot(s), 29 s between sightings; dropout: absent from 8 snapshot(s), 135 s between sightings; dropout: absent from 34 snapshot(s), 526 s between sightings; dropout: absent from 6 snapshot(s), 105 s between sightings",,,A2,Surface,sil alternated between 2 and 3 (3 changes),45,91.225(d)(2),2008,Type certificated
AC-C35AED,,,E55P,adsb_icao,2,pass,10,2,8,2,3,,,"dropout: position went at least 52 s without a refresh, then reacquired (threshold 20 s); dropout: absent from 31 snapshot(s), 480 s between sightings",,,A2,"Below 10,000 ft",nic alternated between 0 and 8 (2 changes),179,91.225(d)(2),2012,Type certificated
AC-564EE1,,,A321,adsb_icao,2,pass,10,2,8,2,3,,,,last position 57 s old when last seen; not reacquired in the window,,A3,"10,000 ft to FL180",,90,91.225(d)(4),2018,Type certificated
AC-920A14,,,B738,adsb_icao,2,pass,9,1,8,2,3,,,,,,A3,FL180 and above,,16,91.225(d)(4),2017,Type certificated
AC-EB01B1,,,A321,adsb_icao,2,pass,10,1,8,2,3,,,,,,A3,FL180 and above,,42,91.225(d)(4),2018,Type certificated
AC-5842C4,,,P28A,adsb_icao,2,pass,10,2,9,2,3,,,,,,A1,"Below 10,000 ft",sil alternated between 2 and 3 (1 change),76,91.225(d)(1),2022,Type certificated
AC-C687BC,,,S76,adsb_icao,2,pass,10,1,8,2,3,,,,,,A7,"Below 10,000 ft",,119,91.225(d)(1),2009,Type certificated
AC-24B81E,,,A319,adsb_icao,2,pass,10,1,8,2,3,,,,last position 58 s old when last seen; not reacquired in the window,,A3,Surface,,6,91.225(d)(1),2003,Type certificated
AC-5D245A,,,A20N,adsb_icao,2,pass,10,2,8,3,3,,,,,,A3,FL180 and above,,83,91.225(d)(4),2019,Type certificated
AC-E55039,,,GLF5,adsb_icao,2,pass,10,2,8,2,3,,,"dropout: position went at least 53 s without a refresh, then reacquired (threshold 20 s); dropout: absent from 1 snapshot(s), 29 s between sightings; dropout: absent from 3 snapshot(s), 60 s between sightings; dropout: absent from 9 snapshot(s), 151 s between sightings; dropout: absent from 6 snapshot(s), 105 s between sightings; dropout: absent from 2 snapshot(s), 45 s between sightings",,,A3,"Below 10,000 ft",sil alternated between 2 and 3 (4 changes),77,91.225(d)(2),2005,Type certificated
AC-3BCDA4,,,E55P,adsb_icao,2,pass,10,2,8,2,3,,,,,,A2,FL180 and above,,34,91.225(d)(4),2015,Type certificated
AC-75A843,,,M20P,adsb_icao,2,pass,10,2,8,2,3,,,"dropout: position went at least 41 s without a refresh, then reacquired (threshold 20 s)",,,A1,"Below 10,000 ft",nac_p alternated between 0 and 10 (1 change); nac_v alternated between 0 and 2 (1 change); nic alternated between 0 and 8 (1 change); sil alternated between 0 and 3 (1 change),129,91.225(d)(2),1979,Type certificated
AC-DD9222,,,B738,adsb_icao,2,pass,10,2,8,2,3,,,,,,A3,FL180 and above,,47,91.225(d)(4),2000,Type certificated
AC-332541,,,B38M,adsb_icao,2,pass,10,2,8,2,3,,,,,,A3,FL180 and above,,130,91.225(d)(4),2023,Type certificated
AC-F6F4B6,,,B38M,adsb_icao,2,pass,10,2,8,2,3,,,,,,A3,FL180 and above,,100,91.225(d)(4),2023,Type certificated
AC-9F2CF2,,,B38M,adsb_icao,2,pass,10,2,8,2,3,,,"dropout: position went at least 54 s without a refresh, then reacquired (threshold 20 s); dropout: absent from 19 snapshot(s), 300 s between sightings; dropout: absent from 10 snapshot(s), 165 s between sightings",,,A3,FL180 and above,sil alternated between 2 and 3 (2 changes),127,91.225(d)(1),2025,Type certificated
AC-4DDCDF,,,B738,adsb_icao,2,pass,10,2,8,2,3,,,,,,A3,FL180 and above,,94,91.225(d)(4),2000,Type certificated
AC-7FC742,,,GLF6,adsb_icao,2,pass,10,2,8,2,3,,,,last position 55 s old when last seen; not reacquired in the window,,A3,Surface,nic alternated between 0 and 8 (1 change),11,91.225(d)(1),2013,Type certificated
AC-1AAAB2,,,E55P,adsb_icao,2,pass,10,2,8,2,3,,,,,,A2,FL180 and above,,101,91.225(d)(4),2016,Type certificated
AC-EA387F,,,B738,adsb_icao,2,pass,10,2,8,2,3,,,,,,A3,FL180 and above,,132,91.225(d)(4),2001,Type certificated
AC-CD9C2C,,,B738,adsb_icao,2,pass,10,2,8,2,3,,,"dropout: position went at least 24 s without a refresh, then reacquired (threshold 20 s)",,,A3,FL180 and above,,130,91.225(d)(1),2001,Type certificated
AC-D773E1,,,B39M,adsb_icao,2,fail,8,2,8,2,2,91.227(c)(1)(v),,"dropout: position went at least 54 s without a refresh, then reacquired (threshold 20 s); dropout: absent from 16 snapshot(s), 255 s between sightings; dropout: absent from 7 snapshot(s), 120 s between sightings",,,A3,"Below 10,000 ft",nac_p alternated between 0 and 10 (1 change); nac_v alternated between 0 and 2 (1 change); nic alternated between 0 and 8 (1 change); sil alternated between 0 and 3 (2 changes),13,91.225(d)(2),2018,Not type certificated (experimental)
AC-B59897,,,B39M,adsb_icao,2,pass,10,2,8,2,3,,,,,,A3,FL180 and above,,78,91.225(d)(4),2019,Not type certificated (experimental)
AC-603376,,,B39M,adsb_icao,2,pass,10,2,8,2,3,,,"dropout: position went at least 54 s without a refresh, then reacquired (threshold 20 s); dropout: absent from 14 snapshot(s), 225 s between sightings; dropout: absent from 14 snapshot(s), 226 s between sightings; dropout: absent from 3 snapshot(s), 60 s between sightings",,,A3,FL180 and above,sil alternated between 2 and 3 (4 changes),101,91.225(d)(1),2023,Not type certificated (experimental)
AC-8F52F3,,,E55P,adsb_icao,2,pass,10,2,8,2,3,,,"dropout: position went at least 56 s without a refresh, then reacquired (threshold 20 s); dropout: absent from 1 snapshot(s), 31 s between sightings; dropout: absent from 3 snapshot(s), 60 s between sightings; dropout: absent from 1 snapshot(s), 30 s between sightings; dropout: absent from 3 snapshot(s), 60 s between sightings; dropout: absent from 1 snapshot(s), 30 s between sightings",,,A2,"10,000 ft to FL180",sil alternated between 2 and 3 (2 changes),231,91.225(d)(4),2019,Type certificated
AC-6C3A99,,,A321,adsb_icao,2,pass,10,2,8,2,3,,,,,,A3,FL180 and above,,24,91.225(d)(4),2019,Type certificated
AC-45FBD0,,,B407,adsb_icao,2,pass,10,2,10,2,3,,,"dropout: position went at least 58 s without a refresh, then reacquired (threshold 20 s); dropout: absent from 112 snapshot(s), 1696 s between sightings",,,A7,"Below 10,000 ft",,64,91.225(d)(1),1999,Type certificated
AC-B222D0,,,A139,adsb_icao,2,pass,10,2,8,2,3,,,"dropout: position went at least 59 s without a refresh, then reacquired (threshold 20 s); dropout: absent from 92 snapshot(s), 1396 s between sightings",,,A7,"Below 10,000 ft",,22,91.225(d)(2),2012,Type certificated
AC-F372B9,,,A20N,adsb_icao,2,pass,10,2,8,3,3,,,"dropout: position went at least 46 s without a refresh, then reacquired (threshold 20 s); dropout: absent from 3 snapshot(s), 60 s between sightings",,,A3,"Below 10,000 ft",,12,91.225(d)(1),2021,Type certificated
AC-1067E9,,,E55P,adsb_icao,2,pass,10,2,8,2,3,,,,,,A2,FL180 and above,,21,91.225(d)(4),2015,Type certificated
AC-F2D8D9,,,C172,adsb_icao,2,pass,10,2,9,2,3,,,"dropout: absent from 5 snapshot(s), 90 s between sightings",last position 51 s old when last seen; not reacquired in the window,,A1,"Below 10,000 ft",nac_p alternated between 0 and 10 (2 changes); sil alternated between 0 and 3 (2 changes),94,91.225(d)(1),1999,Type certificated
AC-BEC2FA,,,B739,adsb_icao,2,pass,9,1,8,2,3,,,,,,A3,"10,000 ft to FL180",,15,91.225(d)(4),2012,Type certificated
AC-1FDAF7,,,B739,adsb_icao,2,pass,9,1,8,2,3,,,"dropout: position went at least 55 s without a refresh, then reacquired (threshold 20 s); dropout: absent from 7 snapshot(s), 121 s between sightings",,,A3,Surface,,16,91.225(d)(1),2013,Type certificated
AC-D584B1,,,A321,adsb_icao,2,pass,10,1,8,2,3,,,"dropout: absent from 1 snapshot(s), 30 s between sightings",last position 57 s old when last seen; not reacquired in the window,,A3,"Below 10,000 ft",sil alternated between 2 and 3 (1 change),60,91.225(d)(1),2019,Type certificated
AC-E03623,,,C510,adsb_icao,2,pass,10,2,9,2,3,,,"dropout: position went at least 57 s without a refresh, then reacquired (threshold 20 s); dropout: absent from 5 snapshot(s), 90 s between sightings",,,A1,"Below 10,000 ft",sil alternated between 2 and 3 (2 changes),93,91.225(d)(3),2010,Type certificated
AC-478237,,,S76,adsb_icao,2,pass,10,1,8,2,3,,,,,,A7,"Below 10,000 ft",,51,91.225(d)(2),2011,Type certificated
AC-2BD16B,,,A139,adsb_icao,2,pass,10,2,8,2,3,,,"dropout: position went at least 57 s without a refresh, then reacquired (threshold 20 s)",,,A7,"Below 10,000 ft",,62,91.225(d)(2),2014,Type certificated
AC-14E64C,,,,adsb_icao,2,pass,11,1,8,2,3,,,"dropout: position went at least 53 s without a refresh, then reacquired (threshold 20 s); dropout: absent from 2 snapshot(s), 45 s between sightings; dropout: absent from 2 snapshot(s), 46 s between sightings",,,A2,Surface,,69,91.225(d)(2),2015,Type certificated
AC-076A01,,,C680,adsb_icao,2,pass,10,2,8,2,3,,,,last position 55 s old when last seen; not reacquired in the window,,A2,"Below 10,000 ft",,44,91.225(d)(1),2008,Type certificated
AC-81F633,,,A21N,adsb_icao,2,pass,9,1,8,3,3,,,,,,A3,"10,000 ft to FL180",,2,91.225(d)(4),2019,Type certificated
AC-AC2740,,,GLF4,adsb_icao,2,pass,10,2,8,2,3,,,,,,A2,FL180 and above,,30,91.225(d)(2),2002,Type certificated
AC-059236,,,,adsb_icao,2,pass,10,2,9,2,3,,,"dropout: position went at least 50 s without a refresh, then reacquired (threshold 20 s); dropout: absent from 156 snapshot(s), 2356 s between sightings",,,A7,"Below 10,000 ft",,84,91.225(d)(2),1994,Type certificated
AC-02E195,,,B407,adsb_icao,2,pass,10,2,9,2,3,,,"dropout: position went at least 53 s without a refresh, then reacquired (threshold 20 s); dropout: absent from 9 snapshot(s), 150 s between sightings; dropout: absent from 9 snapshot(s), 150 s between sightings; dropout: absent from 4 snapshot(s), 73 s between sightings; dropout: absent from 5 snapshot(s), 89 s between sightings; dropout: absent from 5 snapshot(s), 90 s between sightings; dropout: absent from 3 snapshot(s), 60 s between sightings; dropout: absent from 13 snapshot(s), 210 s between sightings",,,A7,"Below 10,000 ft",sil alternated between 2 and 3 (4 changes),179,91.225(d)(1),2014,Type certificated
AC-1DA1A5,,,E75L,adsb_icao,2,pass,10,2,8,2,3,,,"dropout: position went at least 49 s without a refresh, then reacquired (threshold 20 s)",,,A3,FL180 and above,nic alternated between 0 and 8 (2 changes),148,91.225(d)(4),2013,Type certificated
AC-C9F30C,,,E55P,adsb_icao,2,pass,10,2,8,2,3,,,"dropout: position went at least 43 s without a refresh, then reacquired (threshold 20 s)",,,A2,"10,000 ft to FL180",,137,91.225(d)(2),2017,Type certificated
AC-E66295,,,B739,adsb_icao,2,pass,10,2,8,2,3,,,,,,A3,FL180 and above,,86,91.225(d)(1),2013,Type certificated
AC-EE4DB7,,,E75L,adsb_icao,2,pass,10,2,8,2,3,,,"dropout: position went at least 59 s without a refresh, then reacquired (threshold 20 s); dropout: absent from 3 snapshot(s), 60 s between sightings; dropout: absent from 7 snapshot(s), 120 s between sightings; dropout: absent from 1 snapshot(s), 30 s between sightings; dropout: absent from 6 snapshot(s), 104 s between sightings",,,A3,FL180 and above,sil alternated between 2 and 3 (4 changes),154,91.225(d)(1),2013,Type certificated
AC-821597,,,AS50,adsb_icao,2,pass,10,2,9,2,3,,,"dropout: position went at least 60 s without a refresh, then reacquired (threshold 20 s); dropout: absent from 17 snapshot(s), 271 s between sightings; dropout: absent from 42 snapshot(s), 646 s between sightings",,,A7,"Below 10,000 ft",sil alternated between 2 and 3 (2 changes),176,91.225(d)(2),2004,Type certificated
AC-D0B7E6,,,E75L,adsb_icao,2,pass,10,2,8,2,3,,,,,,A3,FL180 and above,,12,91.225(d)(4),2013,Type certificated
AC-496C73,,,A339,adsb_icao,2,pass,10,2,8,2,3,,,,,,A5,FL180 and above,,104,91.225(d)(4),2021,Type certificated
AC-3CD0FF,,,E75L,adsb_icao,2,pass,10,2,8,2,3,,,,last position 49 s old when last seen; not reacquired in the window,,A3,FL180 and above,,186,91.225(d)(4),2013,Type certificated
AC-E43E54,,,E75L,adsb_icao,2,pass,10,2,8,2,3,,,,,,A3,FL180 and above,,2,91.225(d)(4),2013,Type certificated
AC-3B16F9,,,E75L,adsb_icao,2,pass,10,2,8,2,3,,,,,,A3,FL180 and above,,64,91.225(d)(1),2013,Type certificated
AC-D76E81,,,E75L,adsb_icao,2,pass,10,2,8,2,3,,,"dropout: position went at least 52 s without a refresh, then reacquired (threshold 20 s); dropout: absent from 7 snapshot(s), 120 s between sightings; dropout: absent from 8 snapshot(s), 135 s between sightings",,,A3,"10,000 ft to FL180",nac_p alternated between 0 and 10 (4 changes); nac_v alternated between 0 and 2 (4 changes); nic alternated between 0 and 8 (4 changes); sil alternated between 2 and 3 (2 changes),65,91.225(d)(1),2013,Type certificated
AC-BFF947,,,,adsb_icao,2,pass,10,2,9,2,3,,,,,,A1,"Below 10,000 ft",,19,91.225(d)(2),,Type certificated
AC-BE8B1C,,,E75L,adsb_icao,2,pass,10,2,8,2,3,,,"dropout: position went at least 60 s without a refresh, then reacquired (threshold 20 s); dropout: absent from 4 snapshot(s), 74 s between sightings; dropout: absent from 1 snapshot(s), 30 s between sightings",,,A3,FL180 and above,sil alternated between 2 and 3 (2 changes),162,91.225(d)(1),2014,Type certificated
AC-6C9BC0,,,E545,adsb_icao,2,pass,10,1,8,2,3,,,"dropout: position went at least 54 s without a refresh, then reacquired (threshold 20 s); dropout: absent from 3 snapshot(s), 60 s between sightings; dropout: absent from 5 snapshot(s), 91 s between sightings",,,A2,"Below 10,000 ft",sil alternated between 2 and 3 (4 changes),232,91.225(d)(1),2018,Type certificated
AC-9E3A97,,,C25C,adsb_icao,2,pass,10,1,8,2,3,,,"dropout: position went at least 60 s without a refresh, then reacquired (threshold 20 s); dropout: absent from 1 snapshot(s), 30 s between sightings",,,A2,"Below 10,000 ft",,64,91.225(d)(2),,Type certificated
AC-77A9F8,,,GLF5,adsb_icao,2,pass,10,2,8,2,3,,,,last position 50 s old when last seen; not reacquired in the window,,A3,"Below 10,000 ft",,69,91.225(d)(1),2009,Type certificated
AC-A33347,,,E75L,adsb_icao,2,pass,10,2,8,2,3,,,"dropout: position went at least 59 s without a refresh, then reacquired (threshold 20 s); dropout: absent from 4 snapshot(s), 75 s between sightings; dropout: absent from 4 snapshot(s), 75 s between sightings",,,A3,"10,000 ft to FL180",sil alternated between 2 and 3 (2 changes),124,91.225(d)(4),2014,Type certificated
AC-BFC2D5,,,E75L,adsb_icao,2,pass,10,2,8,2,3,,,"dropout: position went at least 54 s without a refresh, then reacquired (threshold 20 s); dropout: absent from 4 snapshot(s), 75 s between sightings",,,A3,"10,000 ft to FL180",sil alternated between 2 and 3 (1 change),59,91.225(d)(4),2014,Type certificated
AC-73E598,,,E75L,adsb_icao,2,pass,10,2,8,2,3,,,,,,A3,FL180 and above,,81,91.225(d)(4),2014,Type certificated
AC-707F42,,,A339,adsb_icao,2,pass,10,2,8,2,3,,,,last position 48 s old when last seen; not reacquired in the window,,A5,"Below 10,000 ft",,63,91.225(d)(1),2025,Type certificated
AC-6740E5,,,B737,adsb_icao,2,pass,10,2,8,2,3,,,"dropout: absent from 7 snapshot(s), 120 s between sightings",,,A3,"Below 10,000 ft",,9,91.225(d)(1),2003,Type certificated
AC-5C8369,,,A339,adsb_icao,2,pass,10,2,8,2,3,,,"dropout: position went at least 58 s without a refresh, then reacquired (threshold 20 s); dropout: absent from 18 snapshot(s), 287 s between sightings",,,A5,FL180 and above,sil alternated between 2 and 3 (4 changes),102,91.225(d)(1),2025,Type certificated
AC-2B6941,,,GLF4,adsb_icao,2,pass,10,1,8,2,3,,,,,,A2,FL180 and above,,82,91.225(d)(4),2003,Type certificated
AC-85AB06,,,G280,adsb_icao,2,pass,10,1,8,2,3,,,"dropout: position went at least 59 s without a refresh, then reacquired (threshold 20 s)",,,A2,FL180 and above,,160,91.225(d)(4),2016,Type certificated
AC-F29FD7,,,BE33,adsb_icao,2,pass,10,2,9,2,3,,,,,,A2,"Below 10,000 ft",,47,91.225(d)(2),1975,Type certificated
AC-ADE715,,,C25B,adsb_icao,2,pass,10,1,8,2,3,,,"dropout: position went at least 55 s without a refresh, then reacquired (threshold 20 s); dropout: absent from 122 snapshot(s), 1846 s between sightings",,,A1,"10,000 ft to FL180",,118,91.225(d)(4),2006,Type certificated
AC-0B4496,,,C172,adsb_icao,2,pass,10,2,9,2,3,,,"dropout: absent from 1 snapshot(s), 30 s between sightings",last position 59 s old when last seen; not reacquired in the window,,A1,"Below 10,000 ft",nac_p alternated between 0 and 10 (2 changes); nic alternated between 6 and 9 (2 changes); sil alternated between 0 and 3 (2 changes),195,91.225(d)(2),2005,Type certificated
AC-379E4F,,,E75L,adsb_icao,2,pass,10,2,8,2,3,,,,last position 52 s old when last seen; not reacquired in the window,,A3,"Below 10,000 ft",,100,91.225(d)(1),2015,Type certificated
AC-FD939D,,,P28A,adsb_icao,2,pass,10,2,9,2,3,,,,,,A1,"Below 10,000 ft",,46,91.225(d)(2),1974,Type certificated
AC-DD093E,,,E55P,adsb_icao,2,pass,10,2,8,2,3,,,,,,A2,FL180 and above,sil alternated between 2 and 3 (1 change),91,91.225(d)(2),,Type certificated
AC-819C26,,,CRJ2,adsb_icao,2,pass,10,1,8,2,3,,,,,,A2,FL180 and above,,27,91.225(d)(4),2002,Type certificated
AC-E80091,,,E55P,adsb_icao,2,pass,10,2,8,2,3,,,,,,A2,FL180 and above,,21,91.225(d)(4),,Type certificated
AC-9AA60A,,,LJ60,adsb_icao,2,pass,10,2,8,2,3,,,,,,A2,FL180 and above,,64,91.225(d)(4),2000,Type certificated
AC-FCA497,,,CL35,adsb_icao,2,pass,10,1,8,2,3,,,"dropout: absent from 16 snapshot(s), 255 s between sightings",,,A2,FL180 and above,,17,91.225(d)(2),2024,Type certificated
AC-02ED52,,,C56X,adsb_icao,2,pass,10,2,8,2,3,,,,,,A2,FL180 and above,,110,91.225(d)(3),2001,Type certificated
AC-0E28CD,,,E55P,adsb_icao,2,pass,10,2,8,2,3,,,,,,A2,"Below 10,000 ft",,7,91.225(d)(1),2022,Type certificated
AC-A1E34E,,,B737,adsb_icao,2,pass,10,2,8,2,3,,,,last position 57 s old when last seen; not reacquired in the window,,A3,FL180 and above,,127,91.225(d)(4),2004,Type certificated
AC-C848E0,,,A21N,adsb_icao,2,pass,9,1,8,2,3,,,"dropout: absent from 1 snapshot(s), 31 s between sightings; dropout: absent from 2 snapshot(s), 45 s between sightings",last position 58 s old when last seen; not reacquired in the window,,A3,Surface,,237,91.225(d)(1),2022,Type certificated
AC-8CE9C9,,,GLF4,adsb_icao,2,pass,10,2,8,2,3,,,,last position 57 s old when last seen; not reacquired in the window,,A2,"Below 10,000 ft",,120,91.225(d)(2),2008,Type certificated
AC-CB8DAE,,,EC35,adsb_icao,2,pass,10,2,9,2,3,,,,last position 49 s old when last seen; not reacquired in the window,,A7,"Below 10,000 ft",,67,91.225(d)(2),2009,Type certificated
AC-F235DF,,,,adsb_icao,2,fail,0,2,0,2,3,91.227(c)(1)(i); 91.227(c)(1)(iii),,"dropout: absent from 2 snapshot(s), 45 s between sightings",last position 60 s old when last seen; not reacquired in the window,,A1,Surface,nac_p alternated between 0 and 8 (2 changes); nac_v alternated between 0 and 2 (5 changes); sil alternated between 0 and 3 (5 changes),19,no,2025,Type certificated
AC-20BFA8,,,GLF4,adsb_icao,2,pass,10,2,8,2,3,,,,,,A2,FL180 and above,,3,91.225(d)(4),2008,Type certificated
AC-DC31DA,,,C172,adsb_icao,2,pass,10,2,9,2,3,,,,,,A1,Surface,nic alternated between 0 and 9 (1 change),12,91.225(d)(2),1979,Type certificated
AC-387253,,,P28A,adsb_icao,2,pass,10,2,9,2,3,,,"dropout: position went at least 55 s without a refresh, then reacquired (threshold 20 s); dropout: absent from 22 snapshot(s), 345 s between sightings",,,A1,"Below 10,000 ft",sil alternated between 2 and 3 (2 changes),41,no,2022,Type certificated
AC-2C7A82,,,P28A,adsb_icao,2,pass,10,2,9,2,3,,,"dropout: position went at least 59 s without a refresh, then reacquired (threshold 20 s); dropout: absent from 2 snapshot(s), 45 s between sightings; dropout: absent from 7 snapshot(s), 121 s between sightings; dropout: absent from 14 snapshot(s), 225 s between sightings; dropout: absent from 12 snapshot(s), 195 s between sightings; dropout: absent from 5 snapshot(s), 90 s between sightings",,,A1,"Below 10,000 ft",sil alternated between 2 and 3 (4 changes),191,91.225(d)(1),2022,Type certificated
AC-0F31CD,,,E55P,adsb_icao,2,pass,10,2,9,3,3,,,,,,A1,FL180 and above,,14,91.225(d)(4),2023,Type certificated
AC-0865F2,,,A21N,adsb_icao,2,pass,9,1,8,2,3,,,,,,A3,"10,000 ft to FL180",,50,91.225(d)(1),2023,Type certificated
AC-3614B8,,,B739,adsb_icao,2,pass,10,2,8,2,3,,,,,,A3,FL180 and above,,79,91.225(d)(3),2014,Type certificated
AC-4E2C62,,,B38M,adsb_icao,2,pass,10,2,8,2,3,,,"dropout: position went at least 58 s without a refresh, then reacquired (threshold 20 s); dropout: absent from 14 snapshot(s), 225 s between sightings; dropout: absent from 7 snapshot(s), 119 s between sightings; dropout: absent from 11 snapshot(s), 180 s between sightings",,,A3,FL180 and above,,91,91.225(d)(1),2022,Type certificated
AC-59CF36,,,E55P,adsb_icao,2,pass,10,2,9,3,3,,,,,,A1,"10,000 ft to FL180",,9,91.225(d)(3),2024,Type certificated
AC-01FFA5,,,B39M,adsb_icao,2,pass,10,2,8,2,3,,,"dropout: position went at least 47 s without a refresh, then reacquired (threshold 20 s); dropout: absent from 2 snapshot(s), 46 s between sightings",,,A3,FL180 and above,sil alternated between 2 and 3 (2 changes),179,91.225(d)(4),2019,Not type certificated (experimental)
AC-0551CD,,,B39M,adsb_icao,2,pass,10,2,8,2,3,,,"dropout: absent from 6 snapshot(s), 105 s between sightings; dropout: absent from 1 snapshot(s), 30 s between sightings",last position 59 s old when last seen; not reacquired in the window,,A1,"10,000 ft to FL180",nac_v alternated between 0 and 2 (1 change); sil alternated between 2 and 3 (2 changes),148,91.225(d)(4),2023,Type certificated
AC-D65B6A,,,C182,adsb_icao,2,pass,10,2,9,2,3,,,,last position 56 s old when last seen; not reacquired in the window,,A1,"Below 10,000 ft",,144,91.225(d)(2),2021,Type certificated
AC-9FE7C7,,,CRJ9,adsb_icao,2,pass,10,1,8,2,3,,,,last position 54 s old when last seen; not reacquired in the window,,A3,FL180 and above,,194,91.225(d)(4),2019,Type certificated
AC-EBB7E6,,,CL35,adsb_icao,2,pass,10,1,8,2,3,,,,,,A2,"Below 10,000 ft",,4,no,2019,Type certificated
AC-E2E3E9,,,EC45,adsb_icao,2,pass,10,2,9,2,3,,,"dropout: position went at least 50 s without a refresh, then reacquired (threshold 20 s); dropout: absent from 1 snapshot(s), 30 s between sightings; dropout: absent from 215 snapshot(s), 3241 s between sightings",,,A7,"Below 10,000 ft",,24,no,2012,Type certificated
AC-AADF63,,,GLF4,adsb_icao,2,pass,10,2,8,2,3,,,,last position 58 s old when last seen; not reacquired in the window,,A2,"Below 10,000 ft",,70,91.225(d)(2),2013,Type certificated
AC-2EB236,,,E55P,adsb_icao,2,pass,10,2,9,3,3,,,,,,A1,FL180 and above,,28,91.225(d)(4),2024,Type certificated
AC-3F5BFD,,,E55P,adsb_icao,2,pass,10,2,9,3,3,,,"dropout: position went at least 56 s without a refresh, then reacquired (threshold 20 s); dropout: absent from 8 snapshot(s), 135 s between sightings; dropout: absent from 4 snapshot(s), 75 s between sightings",,,A1,"Below 10,000 ft",sil alternated between 2 and 3 (2 changes),180,91.225(d)(2),2024,Type certificated
AC-E87FE2,,,B06,adsb_icao,2,pass,10,2,9,2,3,,,,last position 56 s old when last seen; not reacquired in the window,,A7,"Below 10,000 ft",,68,91.225(d)(1),1987,Type certificated
AC-792307,,,C402,adsb_icao,2,pass,10,2,9,2,3,,,,,,A1,"Below 10,000 ft",sil alternated between 2 and 3 (1 change),51,91.225(d)(1),,Type certificated
AC-84FC29,,,P28A,adsb_icao,2,pass,9,1,9,2,3,,,,last position 51 s old when last seen; not reacquired in the window,,A1,"Below 10,000 ft",,176,91.225(d)(2),1976,Type certificated
AC-10B0F2,,,,adsb_icao,2,pass,10,2,9,3,3,,,,last position 48 s old when last seen; not reacquired in the window,,A1,"Below 10,000 ft",sil alternated between 2 and 3 (1 change),55,91.225(d)(2),2026,Type certificated
AC-9FD6F1,,,BE35,adsb_icao,2,pass,10,2,10,2,3,,,,,,A1,"Below 10,000 ft",,146,no,1972,Type certificated
AC-35241A,,,H500,adsb_icao,2,pass,10,2,10,2,3,,,"dropout: position went at least 49 s without a refresh, then reacquired (threshold 20 s); dropout: absent from 5 snapshot(s), 90 s between sightings; dropout: absent from 88 snapshot(s), 1336 s between sightings",,,A7,"Below 10,000 ft",,90,91.225(d)(1),1978,Type certificated
AC-E99093,,,SR22,adsb_icao,2,pass,10,2,9,2,3,,,,last position 46 s old when last seen; not reacquired in the window,,A1,"Below 10,000 ft",,167,no,2006,Type certificated
AC-C85F08,,,A319,adsb_icao,2,pass,9,1,8,2,3,,,,,,A3,FL180 and above,,59,91.225(d)(1),2013,Type certificated
AC-BC1A64,,,C68A,adsb_icao,2,pass,10,2,9,2,3,,,,last position 50 s old when last seen; not reacquired in the window,,A2,"Below 10,000 ft",,31,91.225(d)(2),2016,Type certificated
AC-3AD13F,,,C68A,adsb_icao,2,pass,10,2,9,2,3,,,"dropout: position went at least 56 s without a refresh, then reacquired (threshold 20 s)",,,A2,"Below 10,000 ft",,240,91.225(d)(2),2016,Type certificated
AC-5CD576,,,GL5T,adsb_icao,2,pass,11,1,8,2,3,,,,last position 52 s old when last seen; not reacquired in the window,,A3,FL180 and above,,146,91.225(d)(4),2013,Type certificated
AC-62B345,,,A21N,adsb_icao,2,pass,10,2,8,2,3,,,,,,A3,FL180 and above,,67,91.225(d)(4),2022,Type certificated
AC-3769D7,,,CRJ7,adsb_icao,2,pass,10,1,8,2,3,,,,,,A2,FL180 and above,,12,91.225(d)(4),2002,Type certificated
AC-FF9F07,,,G280,adsb_icao,2,pass,10,1,8,2,3,,,,last position 58 s old when last seen; not reacquired in the window,,A2,"10,000 ft to FL180",,81,91.225(d)(4),2024,Type certificated
AC-C0E2EB,,,A321,adsb_icao,2,pass,9,1,8,2,3,,,,last position 49 s old when last seen; not reacquired in the window,,A3,"Below 10,000 ft",,16,91.225(d)(1),2008,Type certificated
AC-12EF03,,,CRJ7,adsb_icao,2,pass,10,1,8,2,3,,,,,,A2,"10,000 ft to FL180",,152,91.225(d)(4),2002,Type certificated
AC-19AF96,,,CRJ7,adsb_icao,2,pass,10,1,8,2,3,,,,,,A2,FL180 and above,,77,91.225(d)(1),2003,Type certificated
AC-7177CF,,,FA50,adsb_icao,2,pass,10,1,8,2,3,,,,,,A2,"Below 10,000 ft",,68,91.225(d)(2),1986,Type certificated
AC-8BD5F9,,,B738,adsb_icao,2,pass,10,2,8,2,3,,,"dropout: position went at least 58 s without a refresh, then reacquired (threshold 20 s); dropout: absent from 16 snapshot(s), 256 s between sightings; dropout: absent from 7 snapshot(s), 121 s between sightings",,,A3,"Below 10,000 ft",sil alternated between 2 and 3 (3 changes),20,91.225(d)(1),2004,Type certificated
AC-5D4E53,,,H25B,adsb_icao,2,pass,10,1,8,2,3,,,,,,A2,"Below 10,000 ft",,21,91.225(d)(2),,Type certificated
AC-6DB306,,,DA40,adsb_icao,2,pass,10,2,9,2,3,,,,,,A1,"Below 10,000 ft",,65,91.225(d)(2),2021,Type certificated
AC-E9BE20,,,C172,adsb_icao,2,pass,10,2,9,2,3,,,"dropout: position went at least 58 s without a refresh, then reacquired (threshold 20 s); dropout: absent from 3 snapshot(s), 60 s between sightings",,,A1,"Below 10,000 ft",,141,no,2002,Type certificated
AC-1F7315,,,CRJ7,adsb_icao,2,pass,10,1,8,2,3,,,,,,A2,FL180 and above,,100,91.225(d)(4),2001,Type certificated
AC-95749D,,,P28A,adsb_icao,2,pass,10,2,9,2,3,,,"dropout: position went at least 59 s without a refresh, then reacquired (threshold 20 s); dropout: absent from 198 snapshot(s), 2986 s between sightings",,,A1,"Below 10,000 ft",sil alternated between 2 and 3 (2 changes),42,91.225(d)(2),2021,Type certificated
AC-483812,,,CRJ7,adsb_icao,2,pass,10,1,8,2,3,,,"dropout: position went at least 54 s without a refresh, then reacquired (threshold 20 s); dropout: absent from 1 snapshot(s), 30 s between sightings; dropout: absent from 3 snapshot(s), 60 s between sightings",,,A2,FL180 and above,sil alternated between 2 and 3 (3 changes),134,91.225(d)(1),2002,Type certificated
AC-2CF575,,,A320,adsb_icao,2,pass,9,1,8,2,3,,,,,,A3,FL180 and above,,107,91.225(d)(4),2001,Type certificated
AC-2405C8,,,CRJ7,adsb_icao,2,pass,10,1,8,2,3,,,,,,A2,FL180 and above,,5,91.225(d)(4),2003,Type certificated
AC-240853,,,C337,adsb_icao,2,pass,10,2,9,2,3,,,"dropout: position went at least 40 s without a refresh, then reacquired (threshold 20 s)",,,A1,"Below 10,000 ft",,15,no,1975,Type certificated
AC-5F6732,,,CRJ7,adsb_icao,0,not evaluable,,,,,,,,"dropout: position went at least 59 s without a refresh, then reacquired (threshold 20 s); dropout: absent from 10 snapshot(s), 165 s between sightings",,,A2,"Below 10,000 ft",,10,91.225(d)(1),2004,Type certificated
AC-108741,,,CRJ7,adsb_icao,2,pass,10,1,8,2,3,,,"dropout: position went at least 56 s without a refresh, then reacquired (threshold 20 s); dropout: absent from 12 snapshot(s), 195 s between sightings; dropout: absent from 1 snapshot(s), 29 s between sightings",,,A2,"10,000 ft to FL180",sil alternated between 2 and 3 (1 change),40,91.225(d)(1),2003,Type certificated
AC-0C326B,,,GLF5,adsb_icao,2,pass,10,2,8,2,3,,,,,,A3,FL180 and above,,7,91.225(d)(4),2013,Type certificated
AC-9F9D20,,,A320,adsb_icao,2,pass,9,1,8,2,3,,,,,,A3,FL180 and above,,91,91.225(d)(4),2001,Type certificated
AC-E4D49F,,,C182,adsr_icao,,fail,0,,0,,2,91.227(c)(1)(i); 91.227(c)(1)(v),,,last position 58 s old when last seen; not reacquired in the window,,A1,Surface,,28,no,2001,Type certificated
AC-DE2EA2,,,T28,adsr_icao,,pass,9,0,8,2,3,,,"dropout: absent from 4 snapshot(s), 75 s between sightings",last position 48 s old when last seen; not reacquired in the window,,A1,"Below 10,000 ft",,22,no,1957,Not type certificated (experimental)
AC-41EB24,,,A21N,adsb_icao,2,pass,10,2,8,2,3,,,,,,A3,FL180 and above,,138,91.225(d)(4),2023,Type certificated
AC-B90592,,,,adsb_icao,2,pass,10,1,8,2,3,,,"dropout: absent from 7 snapshot(s), 120 s between sightings",last position 57 s old when last seen; not reacquired in the window,,A2,FL180 and above,sil alternated between 2 and 3 (2 changes),167,91.225(d)(4),,Type certificated
AC-73DFC6,,,CRJ7,adsb_icao,2,pass,10,1,8,2,3,,,,,,A3,"10,000 ft to FL180",,40,91.225(d)(4),2010,Type certificated
AC-5AD882,,,GA5C,adsb_icao,2,pass,10,2,8,2,3,,,"dropout: position went at least 24 s without a refresh, then reacquired (threshold 20 s)",,,A3,FL180 and above,nac_p alternated between 0 and 10 (2 changes); sil alternated between 2 and 3 (2 changes),129,91.225(d)(1),2023,Type certificated
AC-646CDA,,,C172,adsb_icao,2,pass,10,2,8,2,3,,,"dropout: position went at least 55 s without a refresh, then reacquired (threshold 20 s); dropout: absent from 4 snapshot(s), 75 s between sightings",,,A1,"Below 10,000 ft",sil alternated between 2 and 3 (2 changes),78,no,2003,Type certificated
AC-7D8EDD,,,B739,adsb_icao,2,pass,9,1,8,2,3,,,"dropout: absent from 9 snapshot(s), 150 s between sightings",,,A3,FL180 and above,,43,91.225(d)(4),,Type certificated
AC-F5998D,,,C25A,adsb_icao,2,pass,10,1,8,2,3,,,"dropout: absent from 1 snapshot(s), 30 s between sightings; dropout: absent from 10 snapshot(s), 166 s between sightings; dropout: absent from 1 snapshot(s), 30 s between sightings",last position 54 s old when last seen; not reacquired in the window,,A1,"10,000 ft to FL180",sil alternated between 2 and 3 (3 changes),149,91.225(d)(2),,Type certificated
AC-1B0DF8,,,A321,adsb_icao,2,pass,9,1,8,2,3,,,,,,A3,FL180 and above,,24,91.225(d)(4),2009,Type certificated
AC-68049D,,,CL35,adsb_icao,2,pass,10,1,8,2,3,,,,last position 54 s old when last seen; not reacquired in the window,,A2,"10,000 ft to FL180",,124,91.225(d)(4),2024,Type certificated
AC-9A9AA4,,,A321,adsb_icao,2,pass,9,1,8,2,3,,,,,,A3,FL180 and above,,155,91.225(d)(4),2009,Type certificated
AC-AA3091,,,F2TH,adsb_icao,2,pass,10,1,8,2,3,,,"dropout: absent from 1 snapshot(s), 30 s between sightings",last position 59 s old when last seen; not reacquired in the window,,A2,"10,000 ft to FL180",sil alternated between 2 and 3 (2 changes),142,91.225(d)(4),2002,Type certificated
AC-DFD0AD,,,CRJ7,adsb_icao,2,pass,10,1,8,2,3,,,,,,A3,FL180 and above,,115,91.225(d)(4),2010,Type certificated
AC-697CC1,,,A321,adsb_icao,2,pass,9,1,8,2,3,,,,last position 53 s old when last seen; not reacquired in the window,,A3,"10,000 ft to FL180",,87,91.225(d)(4),2009,Type certificated
AC-CFBD7E,,,CRJ7,adsb_icao,2,pass,10,1,8,2,3,,,,,,A3,FL180 and above,,103,91.225(d)(4),2011,Type certificated
AC-CE4E24,,,CL30,adsb_icao,2,pass,10,1,8,2,3,,,,,,A2,FL180 and above,,87,91.225(d)(4),2008,Type certificated
AC-D1AFC2,,,CRJ7,adsb_icao,2,pass,10,1,8,2,3,,,"dropout: position went at least 54 s without a refresh, then reacquired (threshold 20 s); dropout: absent from 3 snapshot(s), 60 s between sightings; dropout: absent from 11 snapshot(s), 180 s between sightings",,,A2,FL180 and above,sil alternated between 2 and 3 (4 changes),120,91.225(d)(1),2005,Type certificated
AC-6AD321,,,C68A,adsb_icao,2,pass,10,2,9,2,3,,,,,,A2,FL180 and above,,120,91.225(d)(4),2017,Type certificated
AC-2B55BB,,,CRJ7,adsb_icao,2,pass,10,1,8,2,3,,,,,,A2,"10,000 ft to FL180",,66,91.225(d)(4),2006,Type certificated
AC-914030,,,MD11,adsb_icao,2,pass,10,1,8,2,3,,,,,,A5,FL180 and above,,64,91.225(d)(4),1995,Type certificated
AC-F513E9,,,A21N,adsb_icao,2,pass,10,2,8,2,3,,,,last position 53 s old when last seen; not reacquired in the window,,A3,"10,000 ft to FL180",,124,91.225(d)(4),2025,Type certificated
AC-209ED1,,,CRJ7,adsb_icao,2,pass,10,1,8,2,3,,,"dropout: position went at least 53 s without a refresh, then reacquired (threshold 20 s); dropout: absent from 2 snapshot(s), 45 s between sightings",,,A2,"Below 10,000 ft",,115,91.225(d)(2),2008,Type certificated
AC-658326,,,CRJ7,adsb_icao,2,pass,10,1,8,2,3,,,"dropout: position went at least 53 s without a refresh, then reacquired (threshold 20 s); dropout: absent from 2 snapshot(s), 45 s between sightings; dropout: absent from 10 snapshot(s), 165 s between sightings",,,A2,"Below 10,000 ft",sil alternated between 2 and 3 (4 changes),140,91.225(d)(2),2009,Type certificated
AC-46C4DA,,,K100,adsb_icao,2,pass,10,2,9,2,3,,,"dropout: position went at least 52 s without a refresh, then reacquired (threshold 20 s); dropout: absent from 30 snapshot(s), 466 s between sightings",,,A1,"Below 10,000 ft",nic alternated between 0 and 9 (3 changes),116,91.225(d)(2),2022,Type certificated
AC-69E061,,,PC24,adsb_icao,2,pass,10,2,8,2,3,,,,,,A2,FL180 and above,,24,91.225(d)(4),2025,Type certificated
AC-8BA49F,,,CRJ7,adsb_icao,0,not evaluable,,,,,,,,,last position 46 s old when last seen; not reacquired in the window,,A2,Surface,,6,91.225(d)(1),2002,Type certificated
AC-984AAC,,,C560,adsb_icao,2,pass,9,2,8,2,3,,,,,,A1,FL180 and above,,40,91.225(d)(4),1992,Type certificated
AC-3E6BBD,,,C56X,adsb_icao,2,pass,10,2,9,2,3,,,"dropout: position went at least 59 s without a refresh, then reacquired (threshold 20 s); dropout: absent from 8 snapshot(s), 135 s between sightings; dropout: absent from 1 snapshot(s), 30 s between sightings",,,A2,FL180 and above,sil alternated between 2 and 3 (2 changes),231,91.225(d)(2),2000,Type certificated
AC-B1AC72,,,C750,adsb_icao,2,pass,10,2,8,2,3,,,,last position 59 s old when last seen; not reacquired in the window,,A2,"Below 10,000 ft",,31,91.225(d)(2),1999,Type certificated
AC-7CCAB6,,,CRJ9,adsb_icao,2,pass,10,1,8,2,3,,,,,,A3,FL180 and above,,39,91.225(d)(4),2014,Type certificated
AC-773D5F,,,C68A,adsb_icao,2,pass,10,2,9,2,3,,,,,,A2,FL180 and above,,116,91.225(d)(4),2017,Type certificated
AC-9A9650,,,CRJ7,adsb_icao,2,pass,10,1,8,2,3,,,,,,A2,FL180 and above,,110,91.225(d)(4),2003,Type certificated
AC-513DC2,,,A320,adsb_icao,2,pass,10,2,8,2,3,,,,,,A3,FL180 and above,,96,91.225(d)(4),2003,Type certificated
AC-A48A51,,,P28A,adsb_icao,2,pass,10,2,9,2,3,,,,,,A1,"Below 10,000 ft",,240,91.225(d)(2),1973,Type certificated
AC-9C069E,,,CRJ9,adsb_icao,2,pass,10,1,8,2,3,,,,last position 49 s old when last seen; not reacquired in the window,,A3,FL180 and above,,119,91.225(d)(4),2015,Type certificated
AC-E63EA3,,,B38M,adsb_icao,2,pass,10,2,8,2,3,,,"dropout: absent from 2 snapshot(s), 45 s between sightings",last position 56 s old when last seen; not reacquired in the window,,A3,"Below 10,000 ft",,34,91.225(d)(1),2022,Type certificated
AC-ADDFE9,,,CL35,adsb_icao,2,pass,11,1,8,2,3,,,,,,A2,FL180 and above,,67,91.225(d)(4),2015,Type certificated
AC-03E3F8,,,GALX,adsb_icao,2,pass,10,1,8,2,3,,,,,,A2,FL180 and above,,150,91.225(d)(4),2005,Type certificated
AC-37B671,,,CRJ9,adsb_icao,2,pass,10,1,8,2,3,,,,,,A3,FL180 and above,,31,91.225(d)(4),2015,Type certificated
AC-EE4B59,,,B39M,adsb_icao,2,pass,10,2,8,2,3,,,,,,A3,FL180 and above,,30,91.225(d)(4),2026,Type certificated
AC-F5B2B5,,,M20P,adsb_icao,2,pass,9,2,8,2,3,,,,last position 48 s old when last seen; not reacquired in the window,,A1,Surface,nic alternated between 6 and 8 (1 change),8,no,1984,Type certificated
AC-22A798,,,,adsb_icao,2,pass,10,1,8,2,3,,,,last position 56 s old when last seen; not reacquired in the window,,A3,Surface,,233,91.225(d)(2),,
AC-4A862C,,,B738,adsb_icao,2,pass,10,1,8,2,3,,,"dropout: position went at least 47 s without a refresh, then reacquired (threshold 20 s); dropout: absent from 9 snapshot(s), 150 s between sightings",,,A3,FL180 and above,,104,91.225(d)(1),2007,Type certificated
AC-9FC488,,,A21N,adsb_icao,2,pass,10,1,8,3,3,,,,,,A3,FL180 and above,,142,91.225(d)(4),2024,Type certificated
AC-1AE160,,,CRJ9,adsb_icao,2,pass,11,1,8,2,3,,,,,,A3,FL180 and above,,60,91.225(d)(1),2015,Type certificated
AC-D2435C,,,BE95,adsb_icao,2,pass,10,1,8,2,3,,,,,,A1,"Below 10,000 ft",nac_p alternated between 0 and 10 (1 change); nac_v alternated between 0 and 1 (1 change); nic alternated between 0 and 8 (1 change); sil alternated between 0 and 3 (1 change),166,91.225(d)(2),1964,Type certificated
AC-7887F5,,,A321,adsb_icao,2,pass,9,1,8,2,3,,,,,,A3,FL180 and above,,61,91.225(d)(1),2014,Type certificated
AC-0AD17A,,,A320,adsb_icao,2,pass,10,2,8,2,3,,,,last position 58 s old when last seen; not reacquired in the window,,,Surface,,6,91.225(d)(1),2004,Type certificated
AC-E842A4,,,,adsb_icao,2,pass,9,1,8,2,3,,,"dropout: position went at least 60 s without a refresh, then reacquired (threshold 20 s)",,,A2,Surface,nac_p alternated between 0 and 9 (1 change); nic alternated between 0 and 8 (1 change); sil alternated between 2 and 3 (1 change),28,91.225(d)(1),,Type certificated
AC-6C7264,,,PA46,adsb_icao,2,pass,10,2,9,2,3,,,,last position 51 s old when last seen; not reacquired in the window,,A1,"Below 10,000 ft",,2,91.225(d)(2),1998,Type certificated
AC-B39CEB,,,GLF4,adsb_icao,2,pass,10,2,8,2,3,,,"dropout: position went at least 57 s without a refresh, then reacquired (threshold 20 s); dropout: absent from 165 snapshot(s), 2490 s between sightings",,,A2,"Below 10,000 ft",nac_p alternated between 0 and 10 (1 change); nac_v alternated between 0 and 2 (1 change); nic alternated between 0 and 8 (1 change); sil alternated between 0 and 3 (1 change),22,91.225(d)(2),2008,Type certificated
AC-F0583E,,,C210,adsb_icao,2,pass,10,2,10,2,3,,,,last position 54 s old when last seen; not reacquired in the window,,A1,"Below 10,000 ft",,80,91.225(d)(2),1973,Type certificated
AC-FD19E5,,,CL35,adsb_icao,2,pass,10,1,8,2,3,,,"dropout: position went at least 36 s without a refresh, then reacquired (threshold 20 s)",,,A2,"10,000 ft to FL180",,73,91.225(d)(2),2019,Type certificated
AC-B86FB5,,,A320,adsb_icao,2,pass,9,1,8,2,3,,,"dropout: position went at least 60 s without a refresh, then reacquired (threshold 20 s); dropout: absent from 44 snapshot(s), 675 s between sightings; dropout: absent from 27 snapshot(s), 419 s between sightings; dropout: absent from 2 snapshot(s), 46 s between sightings",,,A3,Surface,nac_p alternated between 0 and 9 (6 changes); nac_v alternated between 0 and 1 (6 changes); nic alternated between 0 and 8 (6 changes); sil alternated between 2 and 3 (2 changes),157,91.225(d)(1),2004,Type certificated
AC-77B3D1,,,CRJ9,adsb_icao,2,pass,11,1,8,2,3,,,,,,A3,FL180 and above,,78,91.225(d)(1),2016,Type certificated
AC-873896,,,LJ60,adsb_icao,2,pass,10,1,8,2,3,,,,last position 53 s old when last seen; not reacquired in the window,,A2,FL180 and above,,219,91.225(d)(4),2010,Type certificated
AC-6B0D58,,,,adsb_icao,2,pass,10,2,9,2,3,,,,,,A1,FL180 and above,,37,91.225(d)(4),,
AC-D8C051,,,CRJ9,adsb_icao,2,pass,10,1,8,2,3,,,"dropout: absent from 1 snapshot(s), 31 s between sightings",last position 57 s old when last seen; not reacquired in the window,,A3,"10,000 ft to FL180",sil alternated between 2 and 3 (1 change),68,91.225(d)(4),2019,Type certificated
AC-EF45A2,,,CL60,adsb_icao,2,pass,10,1,8,2,3,,,,,,A2,Surface,,7,91.225(d)(2),2000,Type certificated
AC-42E3F2,,,A21N,adsb_icao,2,pass,10,2,8,3,3,,,,,,A3,"Below 10,000 ft",,17,91.225(d)(1),2022,Type certificated
AC-C0EBBD,,,CL60,adsb_icao,2,pass,10,1,8,2,3,,,"dropout: position went at least 59 s without a refresh, then reacquired (threshold 20 s); dropout: absent from 22 snapshot(s), 345 s between sightings; dropout: absent from 3 snapshot(s), 61 s between sightings",,,A2,"10,000 ft to FL180",,109,91.225(d)(2),2008,Type certificated
AC-85C423,,,P28A,adsb_icao,2,pass,10,2,9,2,3,,,,last position 56 s old when last seen; not reacquired in the window,,A1,"Below 10,000 ft",,22,91.225(d)(2),2023,Type certificated
AC-A00EC7,,,E550,adsb_icao,2,pass,10,1,8,2,3,,,"dropout: position went at least 27 s without a refresh, then reacquired (threshold 20 s)",,,A2,FL180 and above,,158,91.225(d)(2),2024,Type certificated
AC-F46358,,,P28A,adsb_icao,2,pass,10,2,9,2,3,,,,,,A1,"Below 10,000 ft",,240,91.225(d)(2),2023,Type certificated
AC-3740E8,,,A21N,adsb_icao,2,pass,10,2,8,3,3,,,,,,A3,"Below 10,000 ft",,7,91.225(d)(1),2022,Type certificated
AC-CB28F1,,,GA6C,adsb_icao,2,pass,10,2,8,2,3,,,"dropout: position went at least 60 s without a refresh, then reacquired (threshold 20 s); dropout: absent from 6 snapshot(s), 105 s between sightings; dropout: absent from 3 snapshot(s), 60 s between sightings; dropout: absent from 16 snapshot(s), 255 s between sightings",,,A3,"Below 10,000 ft",nac_v alternated between 0 and 2 (1 change); sil alternated between 2 and 3 (7 changes),69,91.225(d)(1),2022,Type certificated
AC-3A8766,,,B609,adsb_icao,2,pass,10,1,8,2,3,,,"dropout: position went at least 55 s without a refresh, then reacquired (threshold 20 s)",,,A2,"Below 10,000 ft",,153,no,2020,Not type certificated (experimental)
AC-8AFDC0,,,CRJ9,adsb_icao,2,pass,10,1,8,2,3,,,,,,A3,FL180 and above,,9,91.225(d)(4),2019,Type certificated
AC-CAB770,,,P28A,adsb_icao,2,pass,10,2,9,2,3,,,,last position 52 s old when last seen; not reacquired in the window,,A1,"Below 10,000 ft",,31,91.225(d)(2),2023,Type certificated
AC-3B85D9,,,EC45,adsb_icao,2,pass,10,2,9,2,3,,,,last position 52 s old when last seen; not reacquired in the window,,A7,"Below 10,000 ft",sil alternated between 2 and 3 (1 change),35,91.225(d)(2),2012,Type certificated
AC-4676C2,,,E550,adsb_icao,2,pass,10,1,8,2,3,,,,,,A2,FL180 and above,,48,91.225(d)(4),2025,Not type certificated (experimental)
AC-AFD6AB,,,GLEX,adsb_icao,2,pass,11,1,8,2,3,,,"dropout: position went at least 59 s without a refresh, then reacquired (threshold 20 s); dropout: absent from 3 snapshot(s), 60 s between sightings; dropout: absent from 2 snapshot(s), 46 s between sightings; dropout: absent from 1 snapshot(s), 30 s between sightings; dropout: absent from 13 snapshot(s), 210 s between sightings; dropout: absent from 2 snapshot(s), 45 s between sightings; dropout: absent from 1 snapshot(s), 30 s between sightings; dropout: absent from 1 snapshot(s), 30 s between sightings; dropout: absent from 8 snapshot(s), 135 s between sightings; dropout: absent from 6 snapshot(s), 104 s between sightings; dropout: absent from 4 snapshot(s), 74 s between sightings; dropout: absent from 2 snapshot(s), 45 s between sightings; dropout: absent from 11 snapshot(s), 180 s between sightings; dropout: absent from 7 snapshot(s), 120 s between sightings; dropout: absent from 16 snapshot(s), 256 s between sightings",,,A3,Surface,nac_p alternated between 0 and 11 (10 changes); nac_v alternated between 0 and 1 (10 changes); nic alternated between 0 and 8 (8 changes); sil alternated between 2 and 3 (10 changes),163,91.225(d)(2),2014,Type certificated
AC-78D9CF,,,BL8,adsr_icao,,pass,9,0,8,2,3,,,,last position 47 s old when last seen; not reacquired in the window,,A1,"Below 10,000 ft",,63,91.225(d)(2),2004,Type certificated
AC-8CFE55,,,H25B,adsb_icao,2,pass,10,1,8,2,3,,,"dropout: position went at least 54 s without a refresh, then reacquired (threshold 20 s); dropout: absent from 1 snapshot(s), 30 s between sightings; dropout: absent from 1 snapshot(s), 30 s between sightings",,,A0,FL180 and above,sil alternated between 2 and 3 (1 change),120,91.225(d)(4),1987,Type certificated
AC-C0B040,,,A21N,adsb_icao,2,pass,10,2,8,3,3,,,"dropout: position went at least 58 s without a refresh, then reacquired (threshold 20 s); dropout: absent from 5 snapshot(s), 90 s between sightings",,,A3,FL180 and above,sil alternated between 2 and 3 (1 change),124,91.225(d)(4),2023,Type certificated
AC-5B65DF,,,C172,adsr_icao,,fail,0,0,0,2,0,91.227(c)(1)(i); 91.227(c)(1)(v),,"dropout: position went at least 59 s without a refresh, then reacquired (threshold 20 s); dropout: absent from 4 snapshot(s), 75 s between sightings",,,A1,"Below 10,000 ft",nac_p alternated between 0 and 9 (1 change); sil alternated between 0 and 3 (1 change),79,91.225(d)(1),2008,Type certificated
AC-6EF083,,,A320,adsb_icao,2,pass,10,2,8,2,3,,,,,,A3,FL180 and above,,46,91.225(d)(4),2006,Type certificated
AC-12057E,,,CRJ9,adsb_icao,2,pass,10,1,8,2,3,,,,,,A3,"10,000 ft to FL180",,26,91.225(d)(1),2016,Type certificated
AC-3C9203,,,A21N,adsb_icao,2,pass,10,2,8,3,3,,,"dropout: position went at least 60 s without a refresh, then reacquired (threshold 20 s); dropout: absent from 3 snapshot(s), 60 s between sightings; dropout: absent from 1 snapshot(s), 30 s between sightings; dropout: absent from 5 snapshot(s), 90 s between sightings; dropout: absent from 4 snapshot(s), 75 s between sightings; dropout: absent from 1 snapshot(s), 30 s between sightings; dropout: absent from 3 snapshot(s), 63 s between sightings; dropout: absent from 4 snapshot(s), 75 s between sightings; dropout: absent from 9 snapshot(s), 150 s between sightings; dropout: absent from 1 snapshot(s), 30 s between sightings; dropout: absent from 1 snapshot(s), 30 s between sightings; dropout: absent from 4 snapshot(s), 75 s between sightings; dropout: absent from 1 snapshot(s), 30 s between sightings; dropout: absent from 5 snapshot(s), 90 s between sightings; dropout: absent from 1 snapshot(s), 31 s between sightings",,,A3,FL180 and above,sil alternated between 2 and 3 (8 changes),197,91.225(d)(1),2024,Type certificated
AC-2F0802,,,E170,adsb_icao,2,pass,10,2,8,2,3,,,,,,A3,"Below 10,000 ft",,29,91.225(d)(1),2004,Type certificated
AC-70B11D,,,CRJ9,adsb_icao,2,pass,10,1,8,2,3,,,,,,A3,FL180 and above,,44,91.225(d)(4),2017,Type certificated
AC-9F230C,,,A21N,adsb_icao,2,pass,10,2,8,3,3,,,,,,A3,FL180 and above,,70,91.225(d)(1),2024,Type certificated
AC-4F98D1,,,A320,adsb_icao,2,pass,10,2,8,2,3,,,,,,A3,FL180 and above,,66,91.225(d)(4),2006,Type certificated
AC-897BD3,,,E145,adsb_icao,2,pass,9,1,8,2,3,,,,,,A2,FL180 and above,,57,91.225(d)(1),1999,Type certificated
AC-38C7EE,,,E145,adsb_icao,2,pass,9,1,8,2,3,,,,,,A2,"10,000 ft to FL180",,48,91.225(d)(4),2000,Type certificated
AC-60822B,,,A320,adsb_icao,2,pass,10,2,8,2,3,,,,,,A3,FL180 and above,,69,91.225(d)(4),2006,Type certificated
AC-2CC05D,,,CRJ9,adsb_icao,2,pass,10,1,8,2,3,,,,,,A3,FL180 and above,,78,91.225(d)(1),2017,Type certificated
AC-033079,,,B763,adsb_icao,2,pass,9,1,8,2,3,,,,,,A5,FL180 and above,,71,91.225(d)(4),1992,Type certificated
AC-C07973,,,BE40,adsb_icao,2,pass,10,2,9,2,3,,,,last position 48 s old when last seen; not reacquired in the window,,A2,"Below 10,000 ft",,30,91.225(d)(1),,Type certificated
AC-96BFF9,,,,adsb_icao,2,pass,10,2,8,2,3,,,,last position 52 s old when last seen; not reacquired in the window,,A3,"Below 10,000 ft",,182,91.225(d)(1),2011,Type certificated
AC-4E8521,,,A320,adsb_icao,2,pass,10,2,8,2,3,,,,,,A3,FL180 and above,,65,91.225(d)(1),1999,Type certificated
AC-45A2B0,,,E170,adsb_icao,2,pass,10,2,8,2,3,,,,last position 55 s old when last seen; not reacquired in the window,,A3,"Below 10,000 ft",,79,91.225(d)(1),2005,Type certificated
AC-B551C6,,,FA50,adsb_icao,2,pass,10,2,8,2,3,,,,,,A2,FL180 and above,,83,91.225(d)(4),,Type certificated
AC-3D8950,,,B763,adsb_icao,2,pass,9,1,8,2,3,,,,,,A5,FL180 and above,,66,91.225(d)(4),1992,Type certificated
AC-FEDA40,,,E145,adsb_icao,2,pass,9,1,8,2,3,,,,,,A2,FL180 and above,,82,91.225(d)(4),2001,Type certificated
AC-022E01,,,A320,adsb_icao,2,pass,9,1,8,2,3,,,"dropout: position went at least 52 s without a refresh, then reacquired (threshold 20 s); dropout: absent from 4 snapshot(s), 75 s between sightings",,,A3,"10,000 ft to FL180",,40,91.225(d)(1),2007,Type certificated
AC-B49C74,,,E170,adsb_icao,2,pass,10,2,8,2,3,,,"dropout: position went at least 52 s without a refresh, then reacquired (threshold 20 s); dropout: absent from 11 snapshot(s), 180 s between sightings; dropout: absent from 6 snapshot(s), 105 s between sightings; dropout: absent from 14 snapshot(s), 226 s between sightings",,,A3,"10,000 ft to FL180",nac_p alternated between 0 and 10 (2 changes); nic alternated between 0 and 8 (2 changes); sil alternated between 2 and 3 (3 changes),89,91.225(d)(1),2005,Type certificated
AC-7E78B7,,,E170,adsb_icao,2,pass,10,2,8,2,3,,,,,,A3,FL180 and above,,62,91.225(d)(4),2005,Type certificated
AC-890B6C,,,,adsb_icao,2,pass,10,1,8,2,3,,,,,,A2,FL180 and above,,175,91.225(d)(4),2005,Type certificated
AC-C7C09A,,,B763,adsb_icao,2,pass,9,1,8,2,3,,,"dropout: absent from 5 snapshot(s), 89 s between sightings",last position 57 s old when last seen; not reacquired in the window,,A5,"Below 10,000 ft",sil alternated between 2 and 3 (1 change),123,91.225(d)(2),1993,Type certificated
AC-BBD4E3,,,SR22,adsb_icao,2,pass,10,2,9,2,3,,,,,,A1,"Below 10,000 ft",,30,91.225(d)(2),2024,Type certificated
AC-45821C,,,E145,adsb_icao,2,pass,9,1,8,2,3,,,,,,A2,"Below 10,000 ft",,63,91.225(d)(1),2003,Type certificated
AC-914052,,,LJ45,adsb_icao,2,pass,10,1,8,2,3,,,,,,A2,FL180 and above,,19,91.225(d)(4),2007,Type certificated
AC-1F6AA5,,,A320,adsb_icao,2,pass,9,1,8,2,3,,,,,,A3,FL180 and above,,212,91.225(d)(4),2000,Type certificated
AC-6DFBB8,,,E145,adsb_icao,2,pass,9,1,8,2,3,,,,,,A2,"10,000 ft to FL180",,56,91.225(d)(4),2003,Type certificated
AC-146C0D,,,B764,adsb_icao,2,pass,9,1,8,2,3,,,"dropout: absent from 7 snapshot(s), 120 s between sightings",last position 58 s old when last seen; not reacquired in the window,,A5,"Below 10,000 ft",sil alternated between 2 and 3 (1 change),108,91.225(d)(2),2002,Type certificated
AC-6B6C0F,,,,adsb_icao,2,pass,10,2,8,2,3,,,,last position 55 s old when last seen; not reacquired in the window,,A2,FL180 and above,,156,91.225(d)(4),2006,Type certificated
AC-752796,,,A320,adsb_icao,2,pass,10,2,8,2,3,,,,,,A3,FL180 and above,,18,91.225(d)(4),2007,Type certificated
AC-C5DF36,,,E145,adsb_icao,2,pass,9,1,8,2,3,,,,,,A2,FL180 and above,,32,91.225(d)(4),2004,Type certificated
AC-44AF2D,,,A21N,adsb_icao,2,pass,10,2,8,3,3,,,"dropout: absent from 12 snapshot(s), 195 s between sightings",last position 55 s old when last seen; not reacquired in the window,,A3,"Below 10,000 ft",,47,91.225(d)(1),2025,Type certificated
AC-C49863,,,B739,adsb_icao,2,pass,9,1,8,2,3,,,"dropout: position went at least 57 s without a refresh, then reacquired (threshold 20 s); dropout: absent from 17 snapshot(s), 270 s between sightings",,,A3,FL180 and above,sil alternated between 2 and 3 (2 changes),117,91.225(d)(1),2013,Type certificated
AC-AC7CD7,,,E145,adsb_icao,2,pass,9,1,8,2,3,,,,,,A2,"10,000 ft to FL180",,68,91.225(d)(4),2004,Type certificated
AC-2D0154,,,B764,adsb_icao,2,pass,9,1,8,2,3,,,,,,A5,FL180 and above,,22,91.225(d)(4),2002,Type certificated
AC-455471,,,E145,adsb_icao,2,pass,9,1,8,2,3,,,,,,A2,FL180 and above,,58,91.225(d)(1),2004,Type certificated
AC-E88654,,,B763,adsb_icao,2,pass,9,1,8,2,3,,,,last position 46 s old when last seen; not reacquired in the window,,A5,"Below 10,000 ft",,96,91.225(d)(2),2000,Type certificated
AC-AFB977,,,C68A,adsb_icao,2,pass,10,2,9,2,3,,,,,,A2,FL180 and above,,36,91.225(d)(4),2022,Type certificated
AC-1833C1,,,,adsb_icao,2,pass,10,2,8,3,3,,,,,,A3,FL180 and above,,63,91.225(d)(1),,Type certificated
AC-5D2827,,,PC12,adsb_icao,2,pass,10,2,8,2,3,,,,last position 47 s old when last seen; not reacquired in the window,,A1,"Below 10,000 ft",,40,no,2017,Type certificated
AC-7CCD62,,,E550,adsb_icao,2,pass,10,1,8,2,3,,,"dropout: position went at least 35 s without a refresh, then reacquired (threshold 20 s)",,,A2,FL180 and above,,129,91.225(d)(1),2024,Type certificated
AC-B12EA6,,,E145,adsb_icao,2,pass,9,1,8,2,3,,,,,,A2,"10,000 ft to FL180",,23,91.225(d)(4),2004,Type certificated
AC-87AA27,,,E145,adsb_icao,2,pass,9,1,8,2,3,,,,,,A2,FL180 and above,,82,91.225(d)(1),2004,Type certificated
AC-F28A68,,,C68A,adsb_icao,2,pass,10,2,9,2,3,,,,,,A2,FL180 and above,,52,91.225(d)(2),2019,Type certificated
AC-1E1A45,,,E145,adsb_icao,2,pass,9,1,8,2,3,,,,,,A2,"10,000 ft to FL180",,56,91.225(d)(1),2004,Type certificated
AC-9DC5AD,,,E145,adsb_icao,2,pass,9,1,8,2,3,,,,,,A2,FL180 and above,,23,91.225(d)(4),2004,Type certificated
AC-7733F7,,,B739,adsb_icao,2,pass,9,1,8,2,3,,,,,,A3,FL180 and above,,157,91.225(d)(4),2014,Type certificated
AC-A6670B,,,E145,adsb_icao,2,pass,9,1,8,2,3,,,,,,A2,FL180 and above,sil alternated between 2 and 3 (1 change),54,91.225(d)(1),2004,Type certificated
AC-2DD71D,,,C56X,adsb_icao,2,pass,10,2,8,2,3,,,,,,A2,FL180 and above,,72,91.225(d)(1),2002,Type certificated
AC-691336,,,E145,adsb_icao,2,pass,9,1,8,2,3,,,"dropout: position went at least 59 s without a refresh, then reacquired (threshold 20 s); dropout: absent from 12 snapshot(s), 195 s between sightings",,,A2,"10,000 ft to FL180",sil alternated between 2 and 3 (1 change),82,91.225(d)(4),2004,Type certificated
AC-9B740B,,,C56X,adsb_icao,2,pass,10,2,8,2,3,,,,,,A2,FL180 and above,,103,91.225(d)(4),2006,Type certificated
AC-44A7B4,,,SF50,adsb_icao,2,pass,10,2,9,2,3,,,,last position 51 s old when last seen; not reacquired in the window,,A1,"Below 10,000 ft",,10,91.225(d)(2),2019,Type certificated
AC-47482C,,,B739,adsb_icao,2,pass,9,1,8,2,3,,,,,,A3,FL180 and above,,98,91.225(d)(4),2014,Type certificated
AC-13C1EE,,,B739,adsb_icao,2,pass,9,1,8,2,3,,,"dropout: position went at least 58 s without a refresh, then reacquired (threshold 20 s); dropout: absent from 25 snapshot(s), 390 s between sightings",,,A3,Surface,,11,91.225(d)(1),2014,Type certificated
AC-CC6EF2,,,E145,adsb_icao,2,pass,9,1,8,2,3,,,,,,A2,"10,000 ft to FL180",,22,91.225(d)(1),2005,Type certificated
AC-BA033D,,,G280,adsb_icao,2,pass,10,1,8,2,3,,,,,,A2,"Below 10,000 ft",,119,91.225(d)(2),,Type certificated
AC-98AA6B,,,A321,adsb_icao,2,pass,10,2,8,3,3,,,"dropout: position went at least 31 s without a refresh, then reacquired (threshold 20 s)",,,A3,Surface,,240,91.225(d)(1),2015,Type certificated
AC-7AEE76,,,A319,adsb_icao,2,pass,9,1,8,2,3,,,,,,A3,FL180 and above,,101,91.225(d)(4),1998,Type certificated
AC-7F6C3C,,,A320,adsb_icao,2,pass,10,2,8,2,3,,,,,,A3,FL180 and above,,103,91.225(d)(4),2008,Type certificated
AC-BAECC9,,,CRJ7,adsb_icao,2,pass,10,1,8,2,3,,,,,,A2,"10,000 ft to FL180",,14,91.225(d)(4),2004,Type certificated
AC-7AFABB,,,CL60,adsb_icao,2,pass,10,1,8,2,3,,,,last position 54 s old when last seen; not reacquired in the window,,A2,"Below 10,000 ft",,53,91.225(d)(1),2004,Type certificated
AC-2072CD,,,SF50,adsb_icao,2,pass,10,2,9,2,3,,,,,,A1,"10,000 ft to FL180",,22,91.225(d)(2),2025,Type certificated
AC-6C56E0,,,A320,adsb_icao,2,pass,10,2,8,2,3,,,,,,A3,FL180 and above,,16,91.225(d)(4),2008,Type certificated
AC-EC70EF,,,CRJ7,adsb_icao,2,pass,10,1,8,2,3,,,,,,A2,"10,000 ft to FL180",,11,91.225(d)(4),2004,Type certificated
AC-62FF88,,,G280,adsb_icao,2,pass,10,1,8,2,3,,,,last position 54 s old when last seen; not reacquired in the window,,A2,"Below 10,000 ft",,14,91.225(d)(1),2016,Type certificated
AC-5F54C0,,,P32R,adsb_icao,2,pass,10,2,9,2,3,,,,,,A1,"Below 10,000 ft",,5,91.225(d)(2),1978,Type certificated
AC-747E44,,,C650,adsb_icao,2,pass,10,2,9,2,3,,,,,,A2,FL180 and above,,49,91.225(d)(4),1993,Type certificated
AC-EF13B7,,,C56X,adsb_icao,2,pass,10,1,8,2,3,,,,,,A2,"Below 10,000 ft",,44,91.225(d)(2),2021,Type certificated
AC-18030B,,,B752,adsb_icao,2,pass,10,2,8,2,3,,,"dropout: position went at least 51 s without a refresh, then reacquired (threshold 20 s); dropout: absent from 15 snapshot(s), 240 s between sightings",,,A4,FL180 and above,sil alternated between 2 and 3 (2 changes),88,91.225(d)(1),1997,Type certificated
AC-3BEB9D,,,CL30,adsb_icao,2,fail,10,0,8,2,3,91.227(c)(1)(ii),,,,,A2,FL180 and above,,112,91.225(d)(4),2007,Type certificated
AC-1A8B8A,,,CRJ7,adsb_icao,2,pass,10,1,8,2,3,,,,,,A2,FL180 and above,,110,91.225(d)(4),2004,Type certificated
AC-BC9F46,,,C700,adsb_icao,2,pass,10,2,9,2,3,,,"dropout: position went at least 60 s without a refresh, then reacquired (threshold 20 s); dropout: absent from 6 snapshot(s), 105 s between sightings; dropout: absent from 3 snapshot(s), 60 s between sightings",,,A2,"Below 10,000 ft",sil alternated between 2 and 3 (2 changes),121,91.225(d)(2),2022,Type certificated
AC-650792,,,CL35,adsb_icao,2,pass,10,1,8,2,3,,,,last position 52 s old when last seen; not reacquired in the window,,A2,FL180 and above,,106,91.225(d)(4),2023,Type certificated
AC-DB5B25,,,H25B,adsb_icao,2,pass,10,1,8,2,3,,,"dropout: position went at least 56 s without a refresh, then reacquired (threshold 20 s); dropout: absent from 99 snapshot(s), 1500 s between sightings",,,A2,"Below 10,000 ft",nic alternated between 0 and 8 (2 changes); sil alternated between 2 and 3 (2 changes),141,91.225(d)(3),2006,Type certificated
AC-063357,,,C560,adsb_icao,2,pass,10,1,8,2,3,,,,,,A2,"Below 10,000 ft",,7,91.225(d)(2),1993,Type certificated
AC-B67B73,,,,adsb_icao,2,pass,10,2,9,2,3,,,,last position 51 s old when last seen; not reacquired in the window,,A7,"Below 10,000 ft",sil alternated between 2 and 3 (1 change),45,no,2013,Type certificated
AC-B10278,,,E75L,adsb_icao,2,pass,10,2,8,2,3,,,"dropout: position went at least 52 s without a refresh, then reacquired (threshold 20 s); dropout: absent from 5 snapshot(s), 90 s between sightings",,,A3,"Below 10,000 ft",sil alternated between 2 and 3 (2 changes),124,91.225(d)(2),2015,Type certificated
AC-F2BD46,,,GLF5,adsb_icao,2,pass,10,2,8,2,3,,,,,,A3,FL180 and above,,56,91.225(d)(4),2008,Type certificated
AC-0C276A,,,E75L,adsb_icao,2,pass,10,2,8,2,3,,,"dropout: absent from 5 snapshot(s), 89 s between sightings",,,A3,FL180 and above,,54,91.225(d)(4),2015,Type certificated
AC-48B75D,,,E75L,adsb_icao,2,pass,10,2,8,2,3,,,,,,A3,FL180 and above,,106,91.225(d)(4),2015,Type certificated
AC-D6AA62,,,B734,adsb_icao,2,pass,10,2,8,2,3,,,,,,A3,FL180 and above,,53,91.225(d)(1),1992,Type certificated
AC-CFF4AD,,,C208,adsb_icao,0,not evaluable,,,,,,,,,last position 59 s old when last seen; not reacquired in the window,,A1,"Below 10,000 ft",,7,91.225(d)(2),1995,Type certificated
AC-CE5B4B,,,E75L,adsb_icao,2,pass,10,2,8,2,3,,,,,,A3,"10,000 ft to FL180",,74,91.225(d)(4),2015,Type certificated
AC-B47CE6,,,EC35,adsb_icao,2,pass,10,2,9,2,3,,,"dropout: position went at least 49 s without a refresh, then reacquired (threshold 20 s)",,,A7,"Below 10,000 ft",,36,no,2006,Type certificated
AC-8334D3,,,C172,adsb_icao,2,pass,9,1,9,2,3,,,,last position 56 s old when last seen; not reacquired in the window,,A1,"Below 10,000 ft",,33,91.225(d)(2),,Type certificated
AC-8319DE,,,E75L,adsb_icao,2,pass,10,2,8,2,3,,,"dropout: position went at least 55 s without a refresh, then reacquired (threshold 20 s); dropout: absent from 2 snapshot(s), 45 s between sightings",,,A3,"Below 10,000 ft",sil alternated between 2 and 3 (2 changes),49,91.225(d)(2),2016,Type certificated
AC-63A796,,,C172,adsb_icao,2,pass,10,2,9,2,3,,,"dropout: absent from 31 snapshot(s), 480 s between sightings",,,A1,"Below 10,000 ft",,209,91.225(d)(2),1977,Type certificated
AC-A5367E,,,GLF5,adsb_icao,2,pass,10,2,8,2,3,,,,,,A3,FL180 and above,,9,91.225(d)(4),2020,Type certificated
AC-E23DDE,,,C208,adsb_icao,2,pass,10,2,9,2,3,,,"dropout: position went at least 47 s without a refresh, then reacquired (threshold 20 s); dropout: absent from 2 snapshot(s), 46 s between sightings",,,A1,"Below 10,000 ft",,112,91.225(d)(2),1995,Type certificated
AC-D527A2,,,C700,adsb_icao,2,pass,10,2,9,2,3,,,,last position 46 s old when last seen; not reacquired in the window,,A2,Surface,,239,91.225(d)(2),2023,Type certificated
AC-AA9554,,,A319,adsb_icao,2,pass,9,1,8,2,3,,,,,,A3,FL180 and above,,73,91.225(d)(1),2000,Type certificated
AC-016101,,,E75L,adsb_icao,2,pass,10,2,8,2,3,,,"dropout: position went at least 59 s without a refresh, then reacquired (threshold 20 s); dropout: absent from 5 snapshot(s), 90 s between sightings; dropout: absent from 1 snapshot(s), 30 s between sightings; dropout: absent from 11 snapshot(s), 180 s between sightings; dropout: absent from 11 snapshot(s), 180 s between sightings; dropout: absent from 2 snapshot(s), 45 s between sightings",,,A3,FL180 and above,sil alternated between 2 and 3 (4 changes),162,91.225(d)(1),2017,Type certificated
AC-7A44DB,,,E75L,adsb_icao,2,pass,10,2,8,2,3,,,"dropout: position went at least 51 s without a refresh, then reacquired (threshold 20 s); dropout: absent from 1 snapshot(s), 30 s between sightings; dropout: absent from 1 snapshot(s), 30 s between sightings",,,A3,"10,000 ft to FL180",sil alternated between 2 and 3 (2 changes),119,91.225(d)(4),2017,Type certificated
AC-A5CEB7,,,A319,adsb_icao,2,pass,9,1,8,2,3,,,"dropout: absent from 1 snapshot(s), 30 s between sightings",last position 53 s old when last seen; not reacquired in the window,,A3,"Below 10,000 ft",sil alternated between 2 and 3 (1 change),48,91.225(d)(1),2000,Type certificated
AC-B8A253,,,B752,adsb_icao,2,pass,10,2,8,3,3,,,"dropout: position went at least 59 s without a refresh, then reacquired (threshold 20 s); dropout: absent from 6 snapshot(s), 105 s between sightings",,,A4,FL180 and above,,131,91.225(d)(4),,Type certificated
AC-928287,,,CL35,adsb_icao,2,pass,10,1,8,2,3,,,,,,A2,Surface,,10,91.225(d)(2),2017,Type certificated
AC-A2E40B,,,E75L,adsb_icao,2,pass,10,2,8,2,3,,,"dropout: position went at least 55 s without a refresh, then reacquired (threshold 20 s); dropout: absent from 1 snapshot(s), 30 s between sightings; dropout: absent from 3 snapshot(s), 60 s between sightings",,,A3,FL180 and above,sil alternated between 2 and 3 (2 changes),135,91.225(d)(4),2022,Type certificated
AC-3695C9,,,B739,adsb_icao,2,pass,9,1,8,2,3,,,"dropout: position went at least 59 s without a refresh, then reacquired (threshold 20 s); dropout: absent from 21 snapshot(s), 330 s between sightings; dropout: absent from 9 snapshot(s), 150 s between sightings",,,A3,FL180 and above,sil alternated between 2 and 3 (2 changes),100,91.225(d)(1),2008,Type certificated
AC-90B421,,,B739,adsb_icao,2,pass,9,1,8,2,3,,,"dropout: position went at least 50 s without a refresh, then reacquired (threshold 20 s); dropout: absent from 22 snapshot(s), 345 s between sightings",,,A3,"10,000 ft to FL180",sil alternated between 2 and 3 (3 changes),68,91.225(d)(1),2009,Type certificated
AC-55A7EC,,,B739,adsb_icao,2,pass,9,1,8,2,3,,,,,,A3,"Below 10,000 ft",,46,91.225(d)(2),2009,Type certificated
AC-4667DA,,,FBA2,adsb_icao,2,pass,10,2,9,2,3,,,"dropout: position went at least 26 s without a refresh, then reacquired (threshold 20 s)",,,A1,"Below 10,000 ft",,240,91.225(d)(2),2019,Type certificated
AC-FB4113,,,C172,adsr_icao,,pass,9,0,8,2,3,,,"dropout: position went at least 57 s without a refresh, then reacquired (threshold 20 s); dropout: absent from 37 snapshot(s), 570 s between sightings",,,A1,"Below 10,000 ft",,63,91.225(d)(2),1976,Type certificated
AC-6BAF0C,,,S76,adsb_icao,2,pass,10,1,8,2,3,,,"dropout: position went at least 48 s without a refresh, then reacquired (threshold 20 s); dropout: absent from 26 snapshot(s), 405 s between sightings",,,A7,"Below 10,000 ft",,186,91.225(d)(2),2005,Type certificated
AC-6C1A9C,,,GLF5,adsb_icao,2,pass,10,2,8,2,3,,,,,,A3,FL180 and above,,7,91.225(d)(4),2020,Type certificated
AC-669860,,,A320,adsb_icao,2,pass,10,2,8,2,3,,,,last position 48 s old when last seen; not reacquired in the window,,A3,Surface,,14,91.225(d)(1),2008,Type certificated
AC-31120B,,,B764,adsb_icao,2,pass,9,1,8,2,3,,,"dropout: position went at least 56 s without a refresh, then reacquired (threshold 20 s); dropout: absent from 12 snapshot(s), 195 s between sightings",,,A5,"Below 10,000 ft",sil alternated between 2 and 3 (1 change),110,91.225(d)(2),2002,Type certificated
AC-2954D0,,,S76,adsb_icao,2,pass,10,2,8,2,3,,,"dropout: position went at least 60 s without a refresh, then reacquired (threshold 20 s); dropout: absent from 14 snapshot(s), 225 s between sightings; dropout: absent from 55 snapshot(s), 840 s between sightings; dropout: absent from 28 snapshot(s), 434 s between sightings",,,A7,"Below 10,000 ft",sil alternated between 2 and 3 (4 changes),122,91.225(d)(2),2013,Type certificated
AC-CE9C66,,,E75L,adsb_icao,2,pass,10,2,8,2,3,,,"dropout: position went at least 57 s without a refresh, then reacquired (threshold 20 s); dropout: absent from 1 snapshot(s), 30 s between sightings; dropout: absent from 6 snapshot(s), 105 s between sightings",,,A3,"10,000 ft to FL180",sil alternated between 2 and 3 (2 changes),57,91.225(d)(1),2023,Type certificated
AC-A3CC08,,,B738,adsb_icao,2,pass,9,1,8,2,3,,,,,,A3,"10,000 ft to FL180",,40,91.225(d)(4),2006,Type certificated
AC-FBCBD9,,,FA50,adsb_icao,2,pass,10,2,8,2,3,,,,,,A2,"Below 10,000 ft",,29,91.225(d)(2),1985,Type certificated
AC-1EBFDF,,,E75L,adsb_icao,2,pass,10,2,8,2,3,,,"dropout: position went at least 56 s without a refresh, then reacquired (threshold 20 s); dropout: absent from 6 snapshot(s), 105 s between sightings; dropout: absent from 1 snapshot(s), 31 s between sightings",,,A3,"10,000 ft to FL180",sil alternated between 2 and 3 (2 changes),62,91.225(d)(1),2023,Type certificated
AC-E6E554,,,GLF4,adsb_icao,2,pass,10,1,8,2,3,,,"dropout: position went at least 33 s without a refresh, then reacquired (threshold 20 s)",,,A2,FL180 and above,,149,91.225(d)(2),1998,Type certificated
AC-D6BA82,,,B38M,adsb_icao,2,pass,10,2,8,2,3,,,"dropout: position went at least 58 s without a refresh, then reacquired (threshold 20 s); dropout: absent from 10 snapshot(s), 165 s between sightings; dropout: absent from 1 snapshot(s), 30 s between sightings; dropout: absent from 2 snapshot(s), 45 s between sightings; dropout: absent from 47 snapshot(s), 721 s between sightings",,,A3,"10,000 ft to FL180",sil alternated between 2 and 3 (6 changes),66,91.225(d)(1),2021,Type certificated
AC-A8DB82,,,E75L,adsb_icao,2,pass,10,2,8,2,3,,,,,,A3,"10,000 ft to FL180",,93,91.225(d)(4),2024,Type certificated
AC-D2AD69,,,B737,adsb_icao,2,pass,10,2,8,2,3,,,,,,A3,FL180 and above,,30,91.225(d)(4),2008,Type certificated
AC-B67C1A,,,B39M,adsb_icao,2,pass,10,2,8,2,3,,,"dropout: absent from 1 snapshot(s), 30 s between sightings",last position 61 s old when last seen; not reacquired in the window,,A3,FL180 and above,sil alternated between 2 and 3 (2 changes),176,91.225(d)(4),2023,Type certificated
AC-35B789,,,B39M,adsb_icao,2,pass,10,2,8,2,3,,,"dropout: position went at least 60 s without a refresh, then reacquired (threshold 20 s); dropout: absent from 2 snapshot(s), 45 s between sightings; dropout: absent from 5 snapshot(s), 88 s between sightings; dropout: absent from 31 snapshot(s), 480 s between sightings",,,A3,FL180 and above,sil alternated between 2 and 3 (2 changes),105,91.225(d)(1),2024,Type certificated
AC-D035E0,,,B39M,adsb_icao,2,pass,10,2,8,2,3,,,,,,A3,FL180 and above,,12,91.225(d)(4),2025,Type certificated
AC-35B656,,,A319,adsb_icao,2,pass,10,2,8,2,3,,,,,,A3,FL180 and above,,86,91.225(d)(4),2004,Type certificated
AC-63A5AD,,,E75L,adsb_icao,2,pass,10,2,8,2,3,,,"dropout: position went at least 56 s without a refresh, then reacquired (threshold 20 s); dropout: absent from 3 snapshot(s), 60 s between sightings; dropout: absent from 4 snapshot(s), 75 s between sightings",,,A3,FL180 and above,sil alternated between 2 and 3 (2 changes),67,91.225(d)(1),2024,Type certificated
AC-D351B9,,,B772,adsb_icao,2,pass,9,1,8,2,3,,,,,,A5,"Below 10,000 ft",,19,91.225(d)(3),1999,Type certificated
AC-2240C1,,,C172,adsb_icao,2,pass,9,1,9,2,3,,,,,,A1,"Below 10,000 ft",,126,91.225(d)(2),1983,Type certificated
AC-96B562,,,B738,adsb_icao,2,pass,9,1,8,2,3,,,"dropout: position went at least 51 s without a refresh, then reacquired (threshold 20 s); dropout: absent from 2 snapshot(s), 45 s between sightings; dropout: absent from 5 snapshot(s), 90 s between sightings",,,A3,"10,000 ft to FL180",,56,91.225(d)(1),2004,Type certificated
AC-BD0E70,,,B788,adsb_icao,2,pass,9,2,8,2,3,,,,,,A5,FL180 and above,,98,91.225(d)(4),2015,Type certificated
AC-A910A2,,,B772,adsb_icao,2,pass,9,1,8,2,3,,,,,,A5,"Below 10,000 ft",,106,91.225(d)(2),2000,Type certificated
AC-6E3963,,,CL35,adsb_icao,2,pass,10,1,8,2,3,,,,,,A2,FL180 and above,,12,91.225(d)(4),2015,Type certificated
AC-9635BB,,,E75L,adsb_icao,2,pass,10,2,8,2,3,,,"dropout: position went at least 56 s without a refresh, then reacquired (threshold 20 s); dropout: absent from 5 snapshot(s), 90 s between sightings",,,A3,"10,000 ft to FL180",,143,91.225(d)(4),,Type certificated
AC-C4C69E,,,A320,adsb_icao,2,pass,10,2,8,2,3,,,,,,A3,FL180 and above,,104,91.225(d)(4),2011,Type certificated
AC-6A5F5B,,,B737,adsb_icao,2,pass,10,2,8,2,3,,,,last position 48 s old when last seen; not reacquired in the window,,A3,"10,000 ft to FL180",,79,91.225(d)(4),2005,Type certificated
AC-0AE109,,,GLEX,adsb_icao,2,pass,10,2,8,2,3,,,"dropout: position went at least 24 s without a refresh, then reacquired (threshold 20 s)",,,A3,FL180 and above,,43,91.225(d)(2),2026,Type certificated
AC-3C9E5E,,,B737,adsb_icao,2,pass,10,2,8,2,3,,,,last position 53 s old when last seen; not reacquired in the window,,A3,"Below 10,000 ft",,32,91.225(d)(1),2005,Type certificated
AC-B9BC06,,,B737,adsb_icao,2,pass,10,2,8,2,3,,,,,,A3,FL180 and above,,70,91.225(d)(4),2004,Type certificated
AC-4198A4,,,B737,adsb_icao,2,pass,10,2,8,2,3,,,"dropout: position went at least 60 s without a refresh, then reacquired (threshold 20 s); dropout: absent from 4 snapshot(s), 74 s between sightings; dropout: absent from 5 snapshot(s), 90 s between sightings; dropout: absent from 1 snapshot(s), 31 s between sightings; dropout: absent from 1 snapshot(s), 30 s between sightings; dropout: absent from 1 snapshot(s), 30 s between sightings; dropout: absent from 4 snapshot(s), 75 s between sightings; dropout: absent from 13 snapshot(s), 211 s between sightings; dropout: absent from 6 snapshot(s), 105 s between sightings",,,A3,FL180 and above,sil alternated between 2 and 3 (7 changes),128,91.225(d)(1),2005,Type certificated
AC-4FF4B4,,,B737,adsb_icao,2,pass,10,2,8,2,3,,,"dropout: position went at least 52 s without a refresh, then reacquired (threshold 20 s); dropout: absent from 1 snapshot(s), 30 s between sightings; dropout: absent from 4 snapshot(s), 78 s between sightings; dropout: absent from 1 snapshot(s), 30 s between sightings; dropout: absent from 8 snapshot(s), 135 s between sightings; dropout: absent from 1 snapshot(s), 30 s between sightings; dropout: absent from 4 snapshot(s), 75 s between sightings; dropout: absent from 18 snapshot(s), 284 s between sightings",,,A3,Surface,nac_p alternated between 0 and 10 (2 changes); nic alternated between 0 and 8 (2 changes); sil alternated between 2 and 3 (12 changes),203,91.225(d)(1),2005,Type certificated
AC-8EF0D5,,,E75L,adsb_icao,0,not evaluable,,,,,,,,,last position 52 s old when last seen; not reacquired in the window,,A3,Surface,,1,91.225(d)(1),,Type certificated
AC-C93A3F,,,LJ60,adsb_icao,2,pass,10,2,9,3,3,,,,,,A2,FL180 and above,,81,91.225(d)(4),1998,Type certificated
AC-E83BD8,,,,adsb_icao,2,pass,10,1,8,2,3,,,,,,A2,FL180 and above,,43,91.225(d)(4),2004,Type certificated
AC-B8DFE1,,,E75L,adsb_icao,2,pass,10,2,8,2,3,,,"dropout: position went at least 56 s without a refresh, then reacquired (threshold 20 s); dropout: absent from 2 snapshot(s), 45 s between sightings; dropout: absent from 1 snapshot(s), 30 s between sightings",,,A3,"Below 10,000 ft",sil alternated between 2 and 3 (4 changes),102,91.225(d)(2),,Type certificated
AC-6538C6,,,A320,adsb_icao,2,pass,9,1,8,2,3,,,"dropout: absent from 2 snapshot(s), 45 s between sightings",last position 54 s old when last seen; not reacquired in the window,,A3,"Below 10,000 ft",sil alternated between 2 and 3 (1 change),73,91.225(d)(2),2011,Type certificated
AC-E24453,,,C172,adsb_icao,2,pass,10,2,9,2,3,,,"dropout: position went at least 59 s without a refresh, then reacquired (threshold 20 s); dropout: absent from 2 snapshot(s), 45 s between sightings; dropout: absent from 11 snapshot(s), 180 s between sightings",,,A1,"Below 10,000 ft",sil alternated between 2 and 3 (4 changes),166,no,2022,Type certificated
AC-0E7B8D,,,C25B,adsb_icao,2,pass,10,2,9,3,3,,,,last position 50 s old when last seen; not reacquired in the window,,A1,"Below 10,000 ft",,92,91.225(d)(2),2021,Type certificated
AC-A4B3E6,,,SF50,adsb_icao,2,pass,10,2,9,2,3,,,"dropout: position went at least 34 s without a refresh, then reacquired (threshold 20 s)",,,A1,"Below 10,000 ft",,107,91.225(d)(2),2021,Type certificated
AC-09D346,,,LJ31,adsb_icao,2,pass,10,2,8,2,3,,,,last position 57 s old when last seen; not reacquired in the window,,A2,"10,000 ft to FL180",,65,91.225(d)(4),1999,Type certificated
AC-A23249,,,H25B,adsb_icao,2,pass,10,2,9,2,3,,,,last position 48 s old when last seen; not reacquired in the window,,A2,"10,000 ft to FL180",nac_p alternated between 0 and 10 (1 change); nac_v alternated between 0 and 2 (1 change),50,91.225(d)(4),1998,Type certificated
AC-0D3A0D,,,BE36,adsb_icao,2,pass,10,2,9,2,3,,,,,,A1,"Below 10,000 ft",,203,91.225(d)(2),1990,Type certificated
AC-DFFC09,,,A319,adsb_icao,2,pass,9,1,8,2,3,,,,,,A3,FL180 and above,,56,91.225(d)(1),2015,Type certificated
AC-123F64,,,A333,adsb_icao,2,pass,9,1,8,2,3,,,,last position 48 s old when last seen; not reacquired in the window,,A5,Surface,,11,91.225(d)(1),2003,Type certificated
AC-5D2FE0,,,A320,adsb_icao,2,pass,10,2,8,2,3,,,,,,,Surface,,240,91.225(d)(1),2012,Type certificated
AC-8C67C0,,,B738,adsb_icao,2,pass,9,1,8,2,3,,,"dropout: position went at least 57 s without a refresh, then reacquired (threshold 20 s); dropout: absent from 2 snapshot(s), 45 s between sightings; dropout: absent from 5 snapshot(s), 90 s between sightings; dropout: absent from 3 snapshot(s), 60 s between sightings",,,A3,FL180 and above,sil alternated between 2 and 3 (4 changes),119,91.225(d)(1),,Type certificated
AC-1173D7,,,B738,adsb_icao,2,pass,9,1,8,2,3,,,,,,A3,FL180 and above,,105,91.225(d)(4),2009,Type certificated
AC-083C75,,,P32R,adsb_icao,2,pass,10,2,10,2,3,,,,last position 47 s old when last seen; not reacquired in the window,,A1,"Below 10,000 ft",,106,no,1982,Type certificated
AC-D04440,,,E545,adsb_icao,2,pass,10,1,8,2,3,,,,,,A2,"Below 10,000 ft",,15,91.225(d)(2),2024,Type certificated
AC-C70DA4,,,A319,adsb_icao,2,pass,9,1,8,2,3,,,,,,A3,FL180 and above,,24,91.225(d)(4),2000,Type certificated
AC-F0668D,,,EC35,adsb_icao,2,pass,10,2,9,2,3,,,,last position 55 s old when last seen; not reacquired in the window,,A7,"Below 10,000 ft",,14,no,2007,Type certificated
AC-F0F5DA,,,A333,adsb_icao,2,pass,9,1,8,2,3,,,,,,A5,"Below 10,000 ft",,95,91.225(d)(2),2006,Type certificated
AC-53E74B,,,C700,adsb_icao,2,pass,10,2,9,2,3,,,,last position 45 s old when last seen; not reacquired in the window,,A2,FL180 and above,,94,91.225(d)(4),2021,Type certificated
AC-DA6F5C,,,B38M,adsb_icao,2,pass,10,2,8,2,3,,,,,,A3,FL180 and above,,73,91.225(d)(4),2025,Type certificated
AC-64DBE7,,,EC45,adsb_icao,2,pass,10,2,9,2,3,,,,,,A7,"Below 10,000 ft",,66,91.225(d)(1),2007,Type certificated
AC-279F8D,,,B788,adsb_icao,2,pass,9,1,8,2,3,,,,last position 49 s old when last seen; not reacquired in the window,,A5,FL180 and above,,126,91.225(d)(4),2016,Type certificated
AC-B66743,,,E170,adsb_icao,2,pass,10,2,8,2,3,,,"dropout: position went at least 53 s without a refresh, then reacquired (threshold 20 s)",,,A3,"10,000 ft to FL180",,214,91.225(d)(4),2004,Type certificated
AC-B0F344,,,B738,adsb_icao,2,pass,10,2,8,2,3,,,,,,A3,FL180 and above,,58,91.225(d)(4),2012,Type certificated
AC-2D6A6C,,,C172,adsr_icao,,pass,9,0,0,2,3,,,"dropout: position went at least 53 s without a refresh, then reacquired (threshold 20 s); dropout: absent from 2 snapshot(s), 46 s between sightings",,,A1,"Below 10,000 ft",,141,91.225(d)(2),1961,Type certificated
AC-DCB1A0,,,E170,adsb_icao,2,pass,10,2,8,2,3,,,"dropout: position went at least 60 s without a refresh, then reacquired (threshold 20 s); dropout: absent from 12 snapshot(s), 195 s between sightings; dropout: absent from 4 snapshot(s), 75 s between sightings; dropout: absent from 7 snapshot(s), 120 s between sightings",,,A3,"Below 10,000 ft",sil alternated between 2 and 3 (2 changes),43,91.225(d)(1),,Type certificated
AC-560A14,,,FA50,adsb_icao,2,pass,10,1,8,2,3,,,,,,A2,"10,000 ft to FL180",,24,91.225(d)(2),1980,Type certificated
AC-3D4F93,,,B764,adsb_icao,2,pass,10,2,8,2,3,,,,last position 53 s old when last seen; not reacquired in the window,,A5,"Below 10,000 ft",nac_p alternated between 0 and 10 (2 changes); sil alternated between 2 and 3 (2 changes),94,91.225(d)(3),2000,Type certificated
AC-92BD77,,,B58T,adsb_icao,2,pass,10,2,9,2,3,,,,last position 52 s old when last seen; not reacquired in the window,,A1,"Below 10,000 ft",,24,91.225(d)(2),1979,Type certificated
AC-B3BD49,,,CRJ9,adsb_icao,2,pass,10,1,8,2,3,,,"dropout: position went at least 57 s without a refresh, then reacquired (threshold 20 s); dropout: absent from 14 snapshot(s), 225 s between sightings",,,A3,FL180 and above,,132,91.225(d)(4),2018,Type certificated
AC-48EF06,,,B789,adsb_icao,2,pass,9,2,8,2,3,,,,,,A5,"Below 10,000 ft",,66,91.225(d)(2),2017,Type certificated
AC-3419C1,,,B38M,adsb_icao,2,pass,10,2,8,2,3,,,,,,A3,FL180 and above,,56,91.225(d)(4),2026,Type certificated
AC-A088D3,,,C700,adsb_icao,2,pass,10,2,9,2,3,,,"dropout: position went at least 57 s without a refresh, then reacquired (threshold 20 s); dropout: absent from 18 snapshot(s), 285 s between sightings; dropout: absent from 1 snapshot(s), 30 s between sightings; dropout: absent from 13 snapshot(s), 210 s between sightings",,,A2,Surface,sil alternated between 2 and 3 (2 changes),208,91.225(d)(2),2022,Type certificated
AC-AE2410,,,CRJ9,adsb_icao,2,pass,10,1,8,2,3,,,,last position 58 s old when last seen; not reacquired in the window,,A3,"Below 10,000 ft",,49,91.225(d)(1),2019,Type certificated
AC-7173E8,,,B738,adsb_icao,2,pass,10,2,8,2,3,,,,last position 60 s old when last seen; not reacquired in the window,,A3,FL180 and above,,166,91.225(d)(4),2012,Type certificated
AC-17752D,,,A319,adsb_icao,2,pass,10,2,8,2,3,,,,,,A3,"10,000 ft to FL180",,18,91.225(d)(4),2002,Type certificated
AC-88965F,,,B738,adsb_icao,2,pass,10,2,8,2,3,,,,,,A3,FL180 and above,,67,91.225(d)(1),2011,Type certificated
AC-F72EE7,,,B764,adsb_icao,2,pass,10,2,8,2,3,,,,,,A5,FL180 and above,,69,91.225(d)(4),2000,Type certificated
AC-20EA89,,,B739,adsb_icao,2,pass,10,2,8,2,3,,,,,,A3,FL180 and above,,40,91.225(d)(4),2015,Type certificated
AC-AC31A3,,,F900,adsb_icao,2,pass,10,2,8,2,3,,,,last position 55 s old when last seen; not reacquired in the window,,A2,FL180 and above,,173,91.225(d)(4),2021,Type certificated
AC-FA0DEF,,,B738,adsb_icao,2,pass,9,1,8,2,3,,,,,,A3,"10,000 ft to FL180",sil alternated between 2 and 3 (1 change),40,91.225(d)(1),2010,Type certificated
AC-113689,,,B738,adsb_icao,2,pass,9,1,8,2,3,,,"dropout: position went at least 47 s without a refresh, then reacquired (threshold 20 s); dropout: absent from 8 snapshot(s), 136 s between sightings",,,A3,FL180 and above,,188,91.225(d)(1),2010,Type certificated
AC-6C7687,,,C25B,adsb_icao,2,pass,10,2,9,3,3,,,"dropout: position went at least 49 s without a refresh, then reacquired (threshold 20 s); dropout: absent from 1 snapshot(s), 30 s between sightings",,,A1,FL180 and above,,206,91.225(d)(2),2019,Type certificated
AC-6A8EB3,,,B738,adsb_icao,2,pass,10,2,8,2,3,,,,,,A3,"Below 10,000 ft",,3,91.225(d)(1),2016,Type certificated
AC-F68F68,,,C700,adsb_icao,2,pass,10,2,9,2,3,,,"dropout: position went at least 53 s without a refresh, then reacquired (threshold 20 s); dropout: absent from 9 snapshot(s), 150 s between sightings",,,A2,"Below 10,000 ft",sil alternated between 2 and 3 (2 changes),24,91.225(d)(1),2023,Type certificated
AC-4ECBE9,,,A319,adsb_icao,2,pass,9,1,8,2,3,,,,,,A3,FL180 and above,,74,91.225(d)(4),2002,Type certificated
AC-343A0D,,,E170,adsb_icao,2,pass,10,2,8,2,3,,,"dropout: position went at least 58 s without a refresh, then reacquired (threshold 20 s); dropout: absent from 181 snapshot(s), 2731 s between sightings; dropout: absent from 11 snapshot(s), 180 s between sightings; dropout: absent from 1 snapshot(s), 30 s between sightings; dropout: absent from 2 snapshot(s), 45 s between sightings",,,A3,Surface,sil alternated between 2 and 3 (2 changes),45,91.225(d)(1),2005,Type certificated
AC-B260DA,,,B738,adsb_icao,2,pass,10,2,8,2,3,,,,last position 55 s old when last seen; not reacquired in the window,,A3,"Below 10,000 ft",,105,91.225(d)(2),2017,Type certificated
AC-6E3D9F,,,B738,adsb_icao,2,pass,9,1,8,2,3,,,,,,A3,FL180 and above,,75,91.225(d)(4),2010,Type certificated
AC-BB9791,,,C700,adsb_icao,2,pass,10,2,9,2,3,,,"dropout: position went at least 42 s without a refresh, then reacquired (threshold 20 s)",,,A2,"Below 10,000 ft",,178,91.225(d)(2),2023,Type certificated
AC-26BD99,,,PC12,adsb_icao,2,pass,10,2,8,2,3,,,,,,A1,FL180 and above,sil alternated between 2 and 3 (1 change),80,91.225(d)(4),2019,Type certificated
AC-0C594C,,,E170,adsb_icao,2,pass,10,2,8,2,3,,,"dropout: position went at least 51 s without a refresh, then reacquired (threshold 20 s); dropout: absent from 39 snapshot(s), 600 s between sightings",,,A3,FL180 and above,,106,91.225(d)(1),2005,Type certificated
AC-520CBA,,,E170,adsb_icao,2,pass,10,2,8,2,3,,,"dropout: position went at least 51 s without a refresh, then reacquired (threshold 20 s); dropout: absent from 2 snapshot(s), 45 s between sightings",,,A3,FL180 and above,,154,91.225(d)(1),2005,Type certificated
AC-0A9BFD,,,B738,adsb_icao,2,pass,10,2,8,2,3,,,"dropout: absent from 8 snapshot(s), 135 s between sightings",,,A3,FL180 and above,,124,91.225(d)(1),2013,Type certificated
AC-016D57,,,B739,adsb_icao,2,pass,10,2,8,2,3,,,"dropout: position went at least 60 s without a refresh, then reacquired (threshold 20 s); dropout: absent from 5 snapshot(s), 90 s between sightings; dropout: absent from 1 snapshot(s), 30 s between sightings",,,A3,"Below 10,000 ft",sil alternated between 2 and 3 (2 changes),40,91.225(d)(1),2016,Type certificated
AC-603612,,,E75L,adsb_icao,2,pass,10,2,8,2,3,,,"dropout: position went at least 57 s without a refresh, then reacquired (threshold 20 s); dropout: absent from 11 snapshot(s), 182 s between sightings",,,A3,"Below 10,000 ft",,9,91.225(d)(1),2016,Type certificated
AC-A64A33,,,E170,adsb_icao,2,pass,10,2,8,2,3,,,,last position 54 s old when last seen; not reacquired in the window,,A3,FL180 and above,,162,91.225(d)(4),2006,Type certificated
AC-080524,,,B738,adsb_icao,2,pass,10,2,8,2,3,,,"dropout: position went at least 57 s without a refresh, then reacquired (threshold 20 s); dropout: absent from 30 snapshot(s), 465 s between sightings",,,A3,"Below 10,000 ft",,12,91.225(d)(1),2014,Type certificated
AC-45E13B,,,C25B,adsb_icao,2,pass,10,1,8,2,3,,,"dropout: position went at least 59 s without a refresh, then reacquired (threshold 20 s); dropout: absent from 3 snapshot(s), 60 s between sightings",,,A2,FL180 and above,sil alternated between 2 and 3 (2 changes),176,91.225(d)(4),2008,Type certificated
AC-ACC112,,,B738,adsb_icao,2,pass,10,2,8,2,3,,,,,,A3,"Below 10,000 ft",,9,91.225(d)(1),2015,Type certificated
AC-8308DB,,,SF50,adsb_icao,2,pass,10,2,9,2,3,,,,,,A1,"Below 10,000 ft",,6,no,2024,Type certificated
AC-F27F01,,,C700,adsb_icao,2,pass,10,2,8,2,3,,,"dropout: position went at least 57 s without a refresh, then reacquired (threshold 20 s); dropout: absent from 22 snapshot(s), 345 s between sightings; dropout: absent from 7 snapshot(s), 120 s between sightings; dropout: absent from 25 snapshot(s), 390 s between sightings; dropout: absent from 3 snapshot(s), 60 s between sightings; dropout: absent from 9 snapshot(s), 150 s between sightings; dropout: absent from 3 snapshot(s), 60 s between sightings; dropout: absent from 2 snapshot(s), 45 s between sightings; dropout: absent from 16 snapshot(s), 255 s between sightings; dropout: absent from 2 snapshot(s), 45 s between sightings; dropout: absent from 1 snapshot(s), 30 s between sightings",,,A2,Surface,sil alternated between 2 and 3 (9 changes),61,91.225(d)(2),2024,Type certificated
AC-7A200D,,,B788,adsb_icao,2,pass,9,2,8,2,3,,,,last position 52 s old when last seen; not reacquired in the window,,A5,FL180 and above,,135,91.225(d)(4),2020,Type certificated
AC-313A8F,,,B788,adsb_icao,2,pass,9,2,8,2,3,,,"dropout: absent from 13 snapshot(s), 210 s between sightings",last position 59 s old when last seen; not reacquired in the window,,A5,FL180 and above,sil alternated between 2 and 3 (1 change),125,91.225(d)(4),2020,Type certificated
AC-172D44,,,B738,adsb_icao,2,pass,9,1,8,2,3,,,,,,A3,FL180 and above,,76,91.225(d)(4),2011,Type certificated
AC-3FAE2C,,,F2TH,adsb_icao,2,pass,10,2,8,2,3,,,"dropout: position went at least 54 s without a refresh, then reacquired (threshold 20 s); dropout: absent from 6 snapshot(s), 105 s between sightings",,,A2,"10,000 ft to FL180",,88,91.225(d)(2),2013,Type certificated
AC-20DDE3,,,BE36,adsb_icao,2,pass,10,2,9,2,3,,,,last position 47 s old when last seen; not reacquired in the window,,A1,"Below 10,000 ft",,207,91.225(d)(2),1988,Type certificated
AC-08C2A8,,,SF50,adsb_icao,2,pass,10,2,9,2,3,,,"dropout: position went at least 59 s without a refresh, then reacquired (threshold 20 s); dropout: absent from 10 snapshot(s), 165 s between sightings; dropout: absent from 4 snapshot(s), 75 s between sightings; dropout: absent from 1 snapshot(s), 30 s between sightings",,,A1,Surface,nic alternated between 0 and 9 (1 change); sil alternated between 2 and 3 (4 changes),39,91.225(d)(2),2025,Type certificated
AC-C7C5C1,,,C700,adsb_icao,2,pass,10,2,9,2,3,,,"dropout: position went at least 54 s without a refresh, then reacquired (threshold 20 s); dropout: absent from 5 snapshot(s), 90 s between sightings; dropout: absent from 10 snapshot(s), 165 s between sightings; dropout: absent from 1 snapshot(s), 30 s between sightings; dropout: absent from 5 snapshot(s), 90 s between sightings; dropout: absent from 2 snapshot(s), 47 s between sightings",,,A2,"Below 10,000 ft",sil alternated between 2 and 3 (2 changes),95,91.225(d)(2),2025,Type certificated
AC-92F2D6,,,E170,adsb_icao,2,pass,10,2,8,2,3,,,,,,A3,FL180 and above,,47,91.225(d)(4),,Type certificated
AC-9A93FB,,,B38M,adsb_icao,2,pass,10,2,8,2,3,,,,last position 60 s old when last seen; not reacquired in the window,,A3,FL180 and above,,103,91.225(d)(4),2021,Type certificated
AC-E30F7B,,,B38M,adsb_icao,2,pass,10,2,8,2,3,,,,,,A3,FL180 and above,,56,91.225(d)(1),2021,Type certificated
AC-D7A934,,,BE95,adsb_icao,2,pass,10,2,9,2,3,,,,last position 54 s old when last seen; not reacquired in the window,,A1,Surface,,6,no,1964,Type certificated
AC-9FAEC6,,,B38M,adsb_icao,2,pass,10,2,8,2,3,,,"dropout: absent from 4 snapshot(s), 75 s between sightings",last position 47 s old when last seen; not reacquired in the window,,A3,"10,000 ft to FL180",,130,91.225(d)(4),2023,Type certificated
AC-929B36,,,B38M,adsb_icao,2,pass,10,2,8,2,3,,,"dropout: position went at least 55 s without a refresh, then reacquired (threshold 20 s); dropout: absent from 4 snapshot(s), 75 s between sightings; dropout: absent from 99 snapshot(s), 1501 s between sightings",,,A3,"Below 10,000 ft",,102,91.225(d)(1),2023,Type certificated
AC-779BC8,,,CL30,adsb_icao,2,pass,10,1,8,2,3,,,"dropout: position went at least 38 s without a refresh, then reacquired (threshold 20 s)",,,A2,"Below 10,000 ft",,138,91.225(d)(2),2008,Type certificated
AC-1433A0,,,C700,adsb_icao,2,pass,10,2,9,2,3,,,,,,A2,"Below 10,000 ft",,2,91.225(d)(1),2025,Type certificated
AC-CDFB0C,,,H25B,adsb_icao,2,pass,10,1,8,2,3,,,,,,A2,FL180 and above,,106,91.225(d)(4),2008,Type certificated
AC-98A0BB,,,B38M,adsb_icao,2,pass,10,2,8,2,3,,,,,,A3,FL180 and above,,102,91.225(d)(4),2023,Type certificated
AC-04DFFF,,,B38M,adsb_icao,2,pass,10,2,8,2,3,,,"dropout: position went at least 59 s without a refresh, then reacquired (threshold 20 s); dropout: absent from 8 snapshot(s), 135 s between sightings; dropout: absent from 1 snapshot(s), 30 s between sightings; dropout: absent from 3 snapshot(s), 60 s between sightings; dropout: absent from 7 snapshot(s), 122 s between sightings",,,A3,"Below 10,000 ft",sil alternated between 2 and 3 (4 changes),29,91.225(d)(1),2024,Type certificated
AC-AD747D,,,B38M,adsb_icao,2,pass,10,2,8,2,3,,,"dropout: position went at least 58 s without a refresh, then reacquired (threshold 20 s); dropout: absent from 14 snapshot(s), 225 s between sightings",,,A3,"Below 10,000 ft",,12,91.225(d)(1),2023,Type certificated
AC-1171DE,,,C700,adsb_icao,2,pass,10,2,9,2,3,,,"dropout: position went at least 55 s without a refresh, then reacquired (threshold 20 s); dropout: absent from 31 snapshot(s), 480 s between sightings",,,A2,FL180 and above,sil alternated between 2 and 3 (2 changes),209,91.225(d)(2),2025,Type certificated
AC-FF884F,,,B712,adsb_icao,2,pass,10,2,8,2,3,,,"dropout: position went at least 57 s without a refresh, then reacquired (threshold 20 s); dropout: absent from 1 snapshot(s), 30 s between sightings; dropout: absent from 1 snapshot(s), 30 s between sightings; dropout: absent from 7 snapshot(s), 122 s between sightings",,,A3,"10,000 ft to FL180",sil alternated between 2 and 3 (3 changes),61,91.225(d)(1),2004,Type certificated
AC-31EC9D,,,B738,adsb_icao,2,pass,9,1,8,2,3,,,,last position 49 s old when last seen; not reacquired in the window,,A3,"Below 10,000 ft",,45,91.225(d)(2),2012,Type certificated
AC-F95597,,,B38M,adsb_icao,2,pass,10,2,8,2,3,,,"dropout: position went at least 58 s without a refresh, then reacquired (threshold 20 s); dropout: absent from 7 snapshot(s), 119 s between sightings",,,A3,"Below 10,000 ft",sil alternated between 2 and 3 (2 changes),39,91.225(d)(1),2024,Type certificated
AC-06D8E7,,,E75L,adsb_icao,2,pass,10,2,8,2,3,,,,,,A3,FL180 and above,,112,91.225(d)(4),2014,Type certificated
AC-9F32A2,,,B38M,adsb_icao,2,pass,10,2,8,2,3,,,"dropout: position went at least 53 s without a refresh, then reacquired (threshold 20 s); dropout: absent from 3 snapshot(s), 60 s between sightings",,,A3,FL180 and above,,121,91.225(d)(1),2024,Type certificated
AC-4889FE,,,TBM8,adsb_icao,2,pass,10,2,9,2,3,,,,,,A1,FL180 and above,,88,91.225(d)(4),2007,Type certificated
AC-3CEC31,,,A319,adsb_icao,2,pass,9,1,8,2,3,,,"dropout: position went at least 56 s without a refresh, then reacquired (threshold 20 s); dropout: absent from 62 snapshot(s), 945 s between sightings",,,A3,FL180 and above,,89,91.225(d)(1),2006,Type certificated
AC-37D598,,,B38M,adsb_icao,2,pass,10,2,8,2,3,,,"dropout: position went at least 54 s without a refresh, then reacquired (threshold 20 s); dropout: absent from 9 snapshot(s), 150 s between sightings",,,A3,"Below 10,000 ft",sil alternated between 2 and 3 (3 changes),14,91.225(d)(1),2025,Type certificated
AC-DC1743,,,B38M,adsb_icao,2,pass,10,2,8,2,3,,,,last position 51 s old when last seen; not reacquired in the window,,A3,"Below 10,000 ft",,46,91.225(d)(1),2026,Type certificated
AC-1D8EE6,,,B38M,adsb_icao,2,pass,10,2,8,2,3,,,,last position 46 s old when last seen; not reacquired in the window,,A3,"Below 10,000 ft",,44,91.225(d)(1),2026,Type certificated
AC-2C4863,,,G280,adsb_icao,2,pass,10,1,8,2,3,,,,,,A2,FL180 and above,,9,91.225(d)(4),2022,Type certificated
AC-F5C9BB,,,E145,adsb_icao,2,pass,9,1,8,2,3,,,,,,A2,FL180 and above,,82,91.225(d)(1),2004,Type certificated
AC-9CFE35,,,C68A,adsb_icao,2,pass,10,2,9,2,3,,,"dropout: position went at least 56 s without a refresh, then reacquired (threshold 20 s); dropout: absent from 15 snapshot(s), 240 s between sightings; dropout: absent from 3 snapshot(s), 60 s between sightings; dropout: absent from 4 snapshot(s), 74 s between sightings; dropout: absent from 3 snapshot(s), 60 s between sightings",,,A2,"Below 10,000 ft",sil alternated between 2 and 3 (4 changes),215,91.225(d)(2),2022,Type certificated
AC-F1A53B,,,B38M,adsb_icao,2,pass,10,2,8,2,3,,,"dropout: absent from 1 snapshot(s), 33 s between sightings",last position 59 s old when last seen; not reacquired in the window,,A3,"Below 10,000 ft",,40,91.225(d)(1),2026,Type certificated
AC-7DA1A3,,,A319,adsb_icao,2,pass,9,1,8,2,3,,,,last position 52 s old when last seen; not reacquired in the window,,A3,FL180 and above,,146,91.225(d)(4),2013,Type certificated
AC-78EC55,,,E145,adsb_icao,2,pass,9,1,8,2,3,,,,last position 60 s old when last seen; not reacquired in the window,,A2,"Below 10,000 ft",,27,91.225(d)(2),2005,Type certificated
AC-27033D,,,CRJ9,adsb_icao,2,pass,10,1,8,2,3,,,,,,A3,FL180 and above,,38,91.225(d)(4),2007,Type certificated
AC-BCC69E,,,CL60,adsb_icao,2,pass,10,1,8,2,3,,,,,,A2,FL180 and above,,54,91.225(d)(4),2013,Type certificated
AC-F1DABE,,,E145,adsb_icao,2,pass,9,1,8,2,3,,,,,,A2,FL180 and above,,81,91.225(d)(1),2005,Type certificated
AC-4A7259,,,CRJ9,adsb_icao,2,pass,10,1,8,2,3,,,"dropout: position went at least 59 s without a refresh, then reacquired (threshold 20 s); dropout: absent from 18 snapshot(s), 285 s between sightings",,,A3,Surface,sil alternated between 2 and 3 (2 changes),28,91.225(d)(1),2007,Type certificated
AC-5FA337,,,B738,adsb_icao,2,pass,9,1,8,2,3,,,,,,A3,FL180 and above,,74,91.225(d)(1),1999,Type certificated
AC-9468DF,,,B739,adsb_icao,2,pass,10,2,8,2,3,,,,,,A3,FL180 and above,,29,91.225(d)(4),2018,Type certificated
AC-122AA3,,,C68A,adsb_icao,2,pass,10,2,9,2,3,,,,,,A2,"Below 10,000 ft",,14,91.225(d)(3),2022,Type certificated
AC-92F5F8,,,B78X,adsb_icao,2,pass,9,2,8,2,3,,,,,,A5,"Below 10,000 ft",,58,91.225(d)(2),2017,Not type certificated (experimental)
AC-A9EC53,,,B738,adsb_icao,2,pass,9,1,8,2,3,,,"dropout: absent from 1 snapshot(s), 30 s between sightings",last position 54 s old when last seen; not reacquired in the window,,A3,FL180 and above,nac_p alternated between 0 and 9 (2 changes); nic alternated between 0 and 8 (2 changes); sil alternated between 2 and 3 (4 changes),189,91.225(d)(4),1999,Type certificated
AC-C3ACFF,,,CRJ9,adsb_icao,2,pass,10,1,8,2,3,,,"dropout: absent from 1 snapshot(s), 30 s between sightings",last position 58 s old when last seen; not reacquired in the window,,A3,FL180 and above,sil alternated between 2 and 3 (1 change),176,91.225(d)(4),2007,Type certificated
AC-8A1682,,,CRJ9,adsb_icao,2,pass,10,1,8,2,3,,,,last position 57 s old when last seen; not reacquired in the window,,A3,"Below 10,000 ft",,95,91.225(d)(3),2007,Type certificated
AC-305F22,,,B738,adsb_icao,2,pass,9,1,8,2,3,,,,,,A3,FL180 and above,,75,91.225(d)(1),1999,Type certificated
AC-AB6814,,,B739,adsb_icao,2,pass,10,2,8,2,3,,,,,,A3,FL180 and above,,74,91.225(d)(4),2019,Type certificated
AC-7AFB3E,,,C68A,adsb_icao,2,pass,10,2,9,2,3,,,,,,A2,"Below 10,000 ft",,83,91.225(d)(2),2023,Type certificated
AC-438EA6,,,B739,adsb_icao,2,pass,10,2,8,2,3,,,"dropout: absent from 11 snapshot(s), 180 s between sightings",last position 56 s old when last seen; not reacquired in the window,,A3,FL180 and above,sil alternated between 2 and 3 (2 changes),138,91.225(d)(4),2019,Type certificated
AC-EFD29D,,,CRJ9,adsb_icao,2,pass,10,1,8,2,3,,,"dropout: position went at least 22 s without a refresh, then reacquired (threshold 20 s)",,,A3,Surface,,39,91.225(d)(1),2008,Type certificated
AC-C7A4E3,,,B407,adsb_icao,2,pass,9,2,8,2,3,,,,last position 58 s old when last seen; not reacquired in the window,,D0,"Below 10,000 ft",,32,91.225(d)(1),1997,Type certificated
AC-7A295D,,,B429,adsb_icao,2,pass,10,2,9,2,3,,,,last position 46 s old when last seen; not reacquired in the window,,A7,"Below 10,000 ft",,88,91.225(d)(1),2014,Type certificated
AC-EF3924,,,CRJ9,adsb_icao,2,pass,10,1,8,2,3,,,,last position 52 s old when last seen; not reacquired in the window,,A3,"10,000 ft to FL180",,97,91.225(d)(4),2008,Type certificated
AC-66B6F3,,,B738,adsb_icao,2,pass,9,1,8,2,3,,,,,,A3,"10,000 ft to FL180",,75,91.225(d)(4),1999,Type certificated
AC-DF23FD,,,B738,adsb_icao,2,pass,9,1,8,2,3,,,,,,A3,FL180 and above,,113,91.225(d)(4),2013,Type certificated
AC-514ACC,,,B712,adsb_icao,2,pass,9,1,8,2,3,,,,,,A3,FL180 and above,,91,91.225(d)(1),2000,Type certificated
AC-CF2FF0,,,CRJ9,adsb_icao,2,pass,10,1,8,2,3,,,,last position 54 s old when last seen; not reacquired in the window,,A3,FL180 and above,,153,91.225(d)(4),2008,Type certificated
AC-AA657E,,,B712,adsb_icao,2,pass,10,2,8,2,3,,,"dropout: position went at least 48 s without a refresh, then reacquired (threshold 20 s); dropout: absent from 8 snapshot(s), 136 s between sightings",,,A3,"Below 10,000 ft",,15,91.225(d)(1),2000,Type certificated
AC-88D6E4,,,C172,adsb_icao,2,pass,10,2,9,2,3,,,"dropout: position went at least 54 s without a refresh, then reacquired (threshold 20 s); dropout: absent from 1 snapshot(s), 30 s between sightings; dropout: absent from 2 snapshot(s), 45 s between sightings",,,A1,"Below 10,000 ft",sil alternated between 2 and 3 (1 change),235,no,2020,Type certificated
AC-A3F79A,,,A139,adsb_icao,2,pass,10,2,8,2,3,,,,,,A7,"Below 10,000 ft",nac_p alternated between 0 and 10 (1 change); nac_v alternated between 0 and 2 (1 change); nic alternated between 0 and 8 (1 change); sil alternated between 0 and 3 (1 change),177,91.225(d)(2),,Type certificated
AC-B7F366,,,EN28,adsb_icao,2,pass,10,2,9,2,3,,,"dropout: position went at least 55 s without a refresh, then reacquired (threshold 20 s)",,,A7,"Below 10,000 ft",,61,91.225(d)(2),2005,Type certificated
AC-65F624,,,BE36,adsb_icao,2,pass,10,2,9,2,3,,,,,,A1,"Below 10,000 ft",,106,no,1997,Type certificated
AC-B8F187,,,CRJ9,adsb_icao,2,pass,10,1,8,2,3,,,,,,A3,FL180 and above,,112,91.225(d)(1),2008,Type certificated
AC-BB4DE2,,,E145,adsb_icao,2,pass,9,1,8,2,3,,,,,,A2,FL180 and above,,72,91.225(d)(1),2005,Type certificated
AC-EA176F,,,PC24,adsb_icao,2,pass,10,2,8,2,3,,,,,,A2,FL180 and above,,54,91.225(d)(2),2022,Type certificated
AC-68A094,,,PC12,adsb_icao,2,pass,10,2,8,2,3,,,,,,A1,"10,000 ft to FL180",,68,91.225(d)(4),2008,Type certificated
AC-C6F7A0,,,A20N,adsb_icao,2,pass,10,2,8,2,3,,,,,,A3,FL180 and above,,37,91.225(d)(4),2023,Type certificated
AC-26DDC4,,,B738,adsb_icao,2,pass,9,1,8,2,3,,,,,,A3,FL180 and above,,108,91.225(d)(1),2000,Type certificated
AC-F30ECC,,,B738,adsb_icao,2,pass,9,1,8,2,3,,,"dropout: position went at least 51 s without a refresh, then reacquired (threshold 20 s)",,,A3,"Below 10,000 ft",sil alternated between 2 and 3 (2 changes),40,91.225(d)(1),2014,Type certificated
AC-58068B,,,,adsb_icao,2,pass,10,1,8,2,3,,,,,,A2,"Below 10,000 ft",,154,91.225(d)(1),2008,Type certificated
AC-6AB49F,,,E545,adsb_icao,2,pass,10,1,8,2,3,,,"dropout: position went at least 59 s without a refresh, then reacquired (threshold 20 s); dropout: absent from 3 snapshot(s), 60 s between sightings; dropout: absent from 1 snapshot(s), 30 s between sightings; dropout: absent from 2 snapshot(s), 45 s between sightings; dropout: absent from 1 snapshot(s), 30 s between sightings; dropout: absent from 2 snapshot(s), 45 s between sightings; dropout: absent from 2 snapshot(s), 45 s between sightings",,,A2,Surface,,198,91.225(d)(2),2025,Type certificated
AC-F4A0BB,,,B712,adsb_icao,2,pass,10,2,8,2,3,,,,,,A3,FL180 and above,,16,91.225(d)(4),2000,Type certificated
AC-3B98AD,,,A321,adsb_icao,2,pass,10,1,8,2,3,,,"dropout: position went at least 53 s without a refresh, then reacquired (threshold 20 s); dropout: absent from 7 snapshot(s), 120 s between sightings; dropout: absent from 2 snapshot(s), 45 s between sightings; dropout: absent from 4 snapshot(s), 75 s between sightings",,,A3,FL180 and above,sil alternated between 2 and 3 (2 changes),172,91.225(d)(1),2015,Type certificated
AC-676D19,,,B737,adsb_icao,2,pass,10,2,8,2,3,,,,last position 50 s old when last seen; not reacquired in the window,,A3,"Below 10,000 ft",,36,91.225(d)(1),2011,Type certificated
AC-22C4B9,,,A321,adsb_icao,2,pass,10,1,8,2,3,,,,,,A3,FL180 and above,,77,91.225(d)(4),2015,Type certificated
AC-19DA47,,,B739,adsb_icao,2,pass,10,2,8,2,3,,,"dropout: position went at least 55 s without a refresh, then reacquired (threshold 20 s); dropout: absent from 11 snapshot(s), 178 s between sightings",,,A3,FL180 and above,nac_p alternated between 0 and 10 (2 changes); nic alternated between 0 and 8 (2 changes); sil alternated between 2 and 3 (2 changes),146,91.225(d)(1),2014,Type certificated
AC-7F573F,,,C68A,adsb_icao,2,pass,10,2,9,2,3,,,,,,A2,"Below 10,000 ft",,28,91.225(d)(2),2024,Type certificated
AC-92AE53,,,B738,adsb_icao,2,pass,9,1,8,2,3,,,,,,A3,FL180 and above,,50,91.225(d)(4),2014,Type certificated
AC-5CB094,,,B738,adsb_icao,2,pass,9,1,8,2,3,,,,,,A3,FL180 and above,,106,91.225(d)(1),2001,Type certificated
AC-71D5D1,,,A20N,adsb_icao,2,pass,10,2,8,2,3,,,,,,A3,FL180 and above,,88,91.225(d)(4),2022,Type certificated
AC-DDFC2A,,,A321,adsb_icao,2,pass,9,1,8,2,3,,,,,,A3,"10,000 ft to FL180",,27,91.225(d)(4),2016,Type certificated
AC-F48FE9,,,B738,adsb_icao,2,pass,9,1,8,2,3,,,,last position 47 s old when last seen; not reacquired in the window,,A3,"Below 10,000 ft",,76,91.225(d)(2),2015,Type certificated
AC-C73E83,,,C172,adsb_icao,2,pass,10,2,9,2,3,,,"dropout: position went at least 59 s without a refresh, then reacquired (threshold 20 s)",,,A1,"Below 10,000 ft",sil alternated between 2 and 3 (1 change),173,no,1973,Type certificated
AC-0477C0,,,A321,adsb_icao,2,pass,10,2,8,2,3,,,,,,A3,FL180 and above,,97,91.225(d)(4),2016,Type certificated
AC-E07F1F,,,A321,adsb_icao,2,pass,10,2,8,2,3,,,,,,A3,FL180 and above,,21,91.225(d)(4),2016,Type certificated
AC-A73751,,,GLF6,adsb_icao,2,pass,10,2,8,2,3,,,"dropout: position went at least 55 s without a refresh, then reacquired (threshold 20 s); dropout: absent from 1 snapshot(s), 30 s between sightings; dropout: absent from 1 snapshot(s), 30 s between sightings",,,A3,FL180 and above,sil alternated between 2 and 3 (2 changes),159,91.225(d)(2),2024,Type certificated
AC-BC0741,,,B738,adsb_icao,2,pass,9,1,8,2,3,,,"dropout: position went at least 47 s without a refresh, then reacquired (threshold 20 s)",,,A3,FL180 and above,,116,91.225(d)(1),2015,Type certificated
AC-576004,,,S76,adsb_icao,2,pass,10,2,8,2,3,,,"dropout: position went at least 59 s without a refresh, then reacquired (threshold 20 s); dropout: absent from 2 snapshot(s), 45 s between sightings; dropout: absent from 2 snapshot(s), 45 s between sightings; dropout: absent from 2 snapshot(s), 44 s between sightings",,,A7,"Below 10,000 ft",sil alternated between 2 and 3 (2 changes),63,91.225(d)(2),2013,Type certificated
AC-06B737,,,C68A,adsb_icao,2,pass,10,2,9,2,3,,,,,,A2,FL180 and above,,28,91.225(d)(4),2025,Type certificated
AC-8C18C8,,,A321,adsb_icao,2,pass,10,2,8,2,3,,,,,,,Surface,,240,91.225(d)(1),2017,Type certificated
AC-9A06DD,,,E170,adsb_icao,2,pass,10,2,8,2,3,,,,,,A3,FL180 and above,,96,91.225(d)(4),2005,Type certificated
AC-C106AC,,,G2CA,adsb_icao,2,pass,10,2,9,2,3,,,"dropout: absent from 1 snapshot(s), 30 s between sightings",last position 53 s old when last seen; not reacquired in the window,,A7,"Below 10,000 ft",sil alternated between 2 and 3 (1 change),31,no,2017,Type certificated
AC-A73586,,,,adsb_icao,2,pass,10,2,9,2,3,,,,,,A1,FL180 and above,nic alternated between 0 and 9 (1 change),107,91.225(d)(1),,Type certificated
AC-9B3D25,,,A321,adsb_icao,2,pass,10,2,8,2,3,,,,,,A3,FL180 and above,,165,91.225(d)(4),2017,Type certificated
AC-45254D,,,C68A,adsb_icao,2,pass,10,2,9,3,3,,,,,,A2,"Below 10,000 ft",,22,91.225(d)(2),2025,Type certificated
AC-97CF6F,,,C172,adsb_icao,2,pass,9,2,8,2,3,,,,,,A1,"Below 10,000 ft",,187,no,1975,Type certificated
AC-8865F3,,,C208,adsb_icao,2,pass,10,2,9,2,3,,,,last position 59 s old when last seen; not reacquired in the window,,A1,"Below 10,000 ft",,83,91.225(d)(2),2011,Type certificated
AC-10D541,,,B738,adsb_icao,2,pass,9,1,8,2,3,,,,,,A3,FL180 and above,,60,91.225(d)(4),2016,Type certificated
AC-28EB27,,,B738,adsb_icao,2,pass,9,1,8,2,3,,,"dropout: position went at least 58 s without a refresh, then reacquired (threshold 20 s); dropout: absent from 4 snapshot(s), 75 s between sightings; dropout: absent from 3 snapshot(s), 62 s between sightings; dropout: absent from 3 snapshot(s), 60 s between sightings",,,A3,FL180 and above,nac_p alternated between 0 and 9 (2 changes); nac_v alternated between 0 and 1 (2 changes); nic alternated between 0 and 8 (2 changes),127,91.225(d)(1),2009,Type certificated
AC-64183F,,,C182,adsb_icao,2,pass,10,2,9,2,3,,,,last position 48 s old when last seen; not reacquired in the window,,A1,"Below 10,000 ft",,50,no,1985,Type certificated
AC-DB8771,,,PC12,adsb_icao,2,pass,10,2,8,2,3,,,,,,A1,"10,000 ft to FL180",nac_p alternated between 0 and 10 (1 change); nac_v alternated between 0 and 2 (1 change); nic alternated between 0 and 8 (1 change); sil alternated between 0 and 3 (1 change),36,91.225(d)(2),2021,Type certificated
AC-2B1187,,,H500,adsb_icao,2,pass,10,2,9,2,3,,,,,,A7,"Below 10,000 ft",nac_p alternated between 0 and 10 (2 changes); nac_v alternated between 0 and 2 (2 changes); nic alternated between 0 and 9 (2 changes); sil alternated between 0 and 3 (2 changes),30,no,1998,Type certificated
AC-AB8770,,,BE20,adsb_icao,2,pass,10,1,8,2,3,,,"dropout: absent from 64 snapshot(s), 975 s between sightings",,,A1,"10,000 ft to FL180",,72,91.225(d)(4),,
AC-10F5F2,,,H60,adsb_icao,2,pass,10,4,10,2,3,,,"dropout: position went at least 57 s without a refresh, then reacquired (threshold 20 s); dropout: absent from 27 snapshot(s), 420 s between sightings",,,A7,"Below 10,000 ft",sil alternated between 2 and 3 (1 change),64,91.225(d)(2),,
AC-FCCC83,,,AS65,adsb_icao,2,pass,11,1,9,2,3,,,,last position 53 s old when last seen; not reacquired in the window,,A7,"Below 10,000 ft",,60,no,,
AC-D02663,,,B762,adsb_icao,2,pass,10,1,10,2,3,,,"dropout: position went at least 59 s without a refresh, then reacquired (threshold 20 s); dropout: absent from 4 snapshot(s), 75 s between sightings; dropout: absent from 5 snapshot(s), 90 s between sightings",,,A5,"Below 10,000 ft",sil alternated between 2 and 3 (3 changes),106,no,,
AC-7E9A5C,,,A320,adsb_icao,2,pass,9,1,8,2,3,,,"dropout: position went at least 59 s without a refresh, then reacquired (threshold 20 s); dropout: absent from 3 snapshot(s), 60 s between sightings; dropout: absent from 2 snapshot(s), 45 s between sightings; dropout: absent from 1 snapshot(s), 30 s between sightings",,,A3,"Below 10,000 ft",sil alternated between 2 and 3 (1 change),71,91.225(d)(1),,
AC-E8B4F8,,,E545,adsb_icao,2,pass,11,1,8,2,3,,,,last position 55 s old when last seen; not reacquired in the window,,A2,Surface,sil alternated between 2 and 3 (1 change),11,91.225(d)(2),,
AC-50CB8E,,,DH8D,adsb_icao,2,pass,10,1,8,2,3,,,,,,A2,"Below 10,000 ft",,35,91.225(d)(1),,
AC-28D448,,,C25B,adsb_icao,2,pass,10,2,8,3,3,,,"dropout: position went at least 59 s without a refresh, then reacquired (threshold 20 s); dropout: absent from 4 snapshot(s), 76 s between sightings; dropout: absent from 2 snapshot(s), 45 s between sightings; dropout: absent from 9 snapshot(s), 150 s between sightings; dropout: absent from 139 snapshot(s), 2101 s between sightings; dropout: absent from 1 snapshot(s), 30 s between sightings; dropout: absent from 3 snapshot(s), 60 s between sightings",,,A1,Surface,sil alternated between 2 and 3 (7 changes),56,91.225(d)(2),,
AC-705368,,,A320,adsb_icao,2,pass,9,1,8,2,3,,,,,,A3,"Below 10,000 ft",nac_p alternated between 0 and 9 (1 change); nic alternated between 0 and 8 (1 change); sil alternated between 0 and 3 (1 change),11,91.225(d)(1),,
AC-25DC57,,,DH8D,adsb_icao,2,pass,10,1,8,2,3,,,,last position 49 s old when last seen; not reacquired in the window,,A2,"Below 10,000 ft",,91,91.225(d)(1),,
AC-867ECE,,,DH8D,adsb_icao,2,pass,10,1,8,2,3,,,"dropout: position went at least 57 s without a refresh, then reacquired (threshold 20 s); dropout: absent from 1 snapshot(s), 30 s between sightings; dropout: absent from 1 snapshot(s), 30 s between sightings",,,A2,"Below 10,000 ft",sil alternated between 2 and 3 (1 change),71,91.225(d)(2),,
AC-E87D1E,,,A21N,adsb_icao,2,pass,10,1,8,3,3,,,,,,A3,FL180 and above,,112,91.225(d)(4),,
AC-79C27A,,,A21N,adsb_icao,2,pass,10,2,8,3,3,,,,,,A3,FL180 and above,,79,91.225(d)(4),,
AC-508054,,,GL7T,adsb_icao,2,pass,10,1,8,2,3,,,"dropout: position went at least 50 s without a refresh, then reacquired (threshold 20 s)",,,A3,"Below 10,000 ft",,240,91.225(d)(2),,
AC-F065AC,,,GL7T,adsb_icao,2,pass,10,1,8,2,3,,,"dropout: position went at least 49 s without a refresh, then reacquired (threshold 20 s)",,,A2,"Below 10,000 ft",sil alternated between 2 and 3 (3 changes),47,91.225(d)(1),,
AC-D06AB9,,,BCS3,adsb_icao,2,pass,10,1,8,2,3,,,"dropout: position went at least 59 s without a refresh, then reacquired (threshold 20 s); dropout: absent from 3 snapshot(s), 60 s between sightings",,,A3,"Below 10,000 ft",sil alternated between 2 and 3 (1 change),121,91.225(d)(2),,
AC-C61F2C,,,CL60,adsb_icao,2,pass,10,1,8,2,3,,,"dropout: position went at least 22 s without a refresh, then reacquired (threshold 20 s)",,,A2,"10,000 ft to FL180",,54,91.225(d)(2),,
AC-00EDA9,,,B763,adsb_icao,2,pass,9,1,8,2,3,,,,last position 48 s old when last seen; not reacquired in the window,,A5,Surface,,12,91.225(d)(1),,
